source_path	destination_path	size_bytes	sha256
accounts/__init__.py	accounts/__init__.py	0	e3b0c44298fc1c149afbf4c8996fb92427ae41e4649b934ca495991b7852b855
accounts/admin.py	accounts/admin.py	1190	8a381d5252aa6cb353b499092139adee9db0d5fd45622667b5da8809c474c6ef
accounts/apps.py	accounts/apps.py	216	fd851ea477ebf9337f7f17902d4d586905380514e0956fb32a9fb138a21da1a4
accounts/auth.py	accounts/auth.py	7519	c85f46e89c92f6f4f17b0c537db3387d5f35ce01976485d0431b5d53dfafd4a4
accounts/forms.py	accounts/forms.py	3606	439fb7a891c8bf4f02379df09c215668f19ee97dfab56459ae7ba1a30377c3da
accounts/migrations/0001_initial.py	accounts/migrations/0001_initial.py	5124	1657647f546792a80d7e9ca9800064389f02a05ae0c647f35135f5622f5ff669
accounts/migrations/0002_token.py	accounts/migrations/0002_token.py	796	1f00fbd9fc042561dc80d0b80eb6c59dba467075ca82ef143f6954bb00cae67e
accounts/migrations/0003_customuser_certificate_name.py	accounts/migrations/0003_customuser_certificate_name.py	511	3ff458cdca1fe58bf938663219ef9b27a18bef1f9341a296c3da782cb72c29d9
accounts/migrations/0004_customuser_dark_mode.py	accounts/migrations/0004_customuser_dark_mode.py	466	01d36fd459716a47080c935efd3b60f1fd08186b22d01ba2a12302b97feb63f7
accounts/migrations/0005_backfill_certificate_name_from_enrollment.py	accounts/migrations/0005_backfill_certificate_name_from_enrollment.py	2529	33bb42448d956d54197dd822206f4b2d990b129e5cb25c167e6bafae4754e87b
accounts/migrations/0006_customuser_country_customuser_region_and_more.py	accounts/migrations/0006_customuser_country_customuser_region_and_more.py	911	ae032c05ba98169a95878e6b2135c5b33011cab9fcc79187bc0c23fb221b7e73
accounts/migrations/0007_customuser_email_deadline_reminders_and_more.py	accounts/migrations/0007_customuser_email_deadline_reminders_and_more.py	1080	791f4553d6ed2f0cee22a96bbeb66aaf79b96a56fc0b7e3e3b794ffc88ac7227
accounts/migrations/0008_customuser_email_course_updates.py	accounts/migrations/0008_customuser_email_course_updates.py	603	9eac446e6f5171894a7d85e77eb5d85096bebee952117a69712a55e33bc38cff
accounts/migrations/0009_customuser_preferred_timezone.py	accounts/migrations/0009_customuser_preferred_timezone.py	707	40f255c2fec8377a3203183a40ada60ec08c7529d4e49a7bf175f5d34a867827
accounts/migrations/0010_remove_customuser_email_course_updates_and_more.py	accounts/migrations/0010_remove_customuser_email_course_updates_and_more.py	614	a73ee24682ccfab0cb113411c929d4e5abf4250e89ef0140b36dba8a7e888264
accounts/migrations/__init__.py	accounts/migrations/__init__.py	0	e3b0c44298fc1c149afbf4c8996fb92427ae41e4649b934ca495991b7852b855
accounts/models.py	accounts/models.py	2466	1e08b6c0008a284e73df47f66a2cdb2cf8b513f7897ef66732a328c57b790eef
accounts/services/__init__.py	accounts/services/__init__.py	37	b650a758b4c831ecfe96bbd544a944bfbf6d3d3de0d9e335fd7762cf21f98c24
accounts/services/timezones.py	accounts/services/timezones.py	5057	6d5c7afa351dd814a74a6f234f9a7b4c6366aeb2b50690cb88cb6eed050084dd
accounts/signals.py	accounts/signals.py	1713	bf1f81b2c7e18f7fafce9394298c48bd7264c6eaf6add349d31bca27d2786834
accounts/templates/accounts/login.html	accounts/templates/accounts/login.html	2120	9e4fded93d89bb3f981dcfbd654db998f658a785d5b28bd96c476e77030a1adb
accounts/tests_account_settings.py	accounts/tests_account_settings.py	3624	0be857282e9cc6d1443251af01751b70c3d5ec5ee11013bc96684dfdfd1aedbd
accounts/tests_account_settings_base.py	accounts/tests_account_settings_base.py	1373	0a76393e91398c0038e3199d918c00ea6acf93305c510c5a9358b24757ec4ed1
accounts/tests_account_timezone.py	accounts/tests_account_timezone.py	1253	ca03ac698691be07a94882880418d61d06400a82f4a89410817274dd5c1ac91d
accounts/tests_auth.py	accounts/tests_auth.py	3232	d3a9b7c4248c7a242b90c34f5ffeffd3ad70a3ad897e39368f4a410768bedfc1
accounts/tests_base.py	accounts/tests_base.py	867	93a20a528b2292b08214c747a58cd1344c472eb7b506094ac91f4c8a4c9ff09a
accounts/tests_email_preferences.py	accounts/tests_email_preferences.py	4001	d074b38c90ad94dcabe98e3524928c4c5ca00ce16a936e9757abef25733efa34
accounts/tests_enrollment_profile.py	accounts/tests_enrollment_profile.py	6205	67ba2c6ecb7ab3fa7ef4395e0d4b1f38e9e2406c37ef2f0ed2bbcb675e9018f1
accounts/tests_timezone.py	accounts/tests_timezone.py	2601	bd80d174b9b7a189421f0f875ae5443b5865f29f5c94123289412e7a19045763
accounts/tests_toggles.py	accounts/tests_toggles.py	3058	995f5866b6ee5f44b8283daf7efe84bf0dfa275293195e92f1007de1d8fc6fdf
accounts/tests_token_admin.py	accounts/tests_token_admin.py	2097	1c25ff14c6fd1f001532c101153789a0912fa99385567765c639f8a30c9650f5
accounts/urls.py	accounts/urls.py	1211	5b41b7f8b1d5492215fc1f15ae40bcba8e4b8cafc02356bb1675688edf44e560
accounts/views/__init__.py	accounts/views/__init__.py	28	c0ce4d72aa7c26759adb4cdbeb1bd67009c018a0330ec6cfc00cbef65fd6dd43
accounts/views/account_settings.py	accounts/views/account_settings.py	2474	416c664f06de72f6aca78b91876b5e3b95a01da6975d88f63f6b1a2fe92bdbf1
accounts/views/account_toggles.py	accounts/views/account_toggles.py	1586	778b20c8f710cf929ad7b879cb430b00aff178ac948f07d8a262f24c41ba14fe
accounts/views/disabled.py	accounts/views/disabled.py	122	3566ba5edac1a4c2ee11a31f27d62c10203f092db3527f5633b952b0884a909b
accounts/views/email_preferences.py	accounts/views/email_preferences.py	2607	a74cfb9083c62f55dc551219c43a52976f9c8b4020e16622ea1baa7e781d6a93
accounts/views/impersonation.py	accounts/views/impersonation.py	662	25c0dea7f67f0e568fea476d48662fa3f5e7a36aabc69819b6b497b6af284b09
accounts/views/login.py	accounts/views/login.py	1319	e71ca71e145e429133dc6c31363d651c5a3e79151e8de40302964a679807070b
accounts/views/timezone.py	accounts/views/timezone.py	2560	524b6ef7418f8d338d041e808cd244d631e8a08a6645cf3cf15491befe840ca6
api/__init__.py	api/__init__.py	0	e3b0c44298fc1c149afbf4c8996fb92427ae41e4649b934ca495991b7852b855
api/apps.py	api/apps.py	138	ca6c283d922c1bba17f7540e8c2e39d3e53e9c97602e5d0b6ef6fc8fba4a3784
api/crud.py	api/crud.py	3247	d3ea755313021f5deae8170f14edc7280b851b5f1038ac762ac7721bbf96a4ef
api/openapi/content_paths/homeworks.py	api/openapi/content_paths/homeworks.py	7300	32471c1b36ee96e984c5c90cd0e384490eef597904bd499ca6f33653f3acb61b
api/openapi/content_paths/projects.py	api/openapi/content_paths/projects.py	8454	b1469c15a61a8dfb070f0b6b5a13cc6339959bd47ba96d1aa41ff7347b35b0a9
api/openapi/content_paths/questions.py	api/openapi/content_paths/questions.py	3545	500b28722f9d79d236f36af9acd29928f397361f0da4d8a5b7c8334457ff5eb8
api/openapi/content_paths/registry.py	api/openapi/content_paths/registry.py	363	645a770be7e1b1d13ee79109636c16ebf4aaf5116b05a0403bf1dd41acedfaf7
api/openapi/content_schemas/enums.py	api/openapi/content_schemas/enums.py	808	f174581f89701b0331c0a49ae38a8b9a59a26e4b69f7100a2a46a3488e22ddf5
api/openapi/content_schemas/homeworks.py	api/openapi/content_schemas/homeworks.py	4695	827e63726425b972c9e14919e7162edb700553c7da019ce3bbd6ca85993950be
api/openapi/content_schemas/projects.py	api/openapi/content_schemas/projects.py	5442	5e1a1a0ecc537d8c35946f041ceb68387e9d745b4921e2cc52d02d872549518c
api/openapi/content_schemas/questions.py	api/openapi/content_schemas/questions.py	2957	c5b22976f8285c530f4a19e71df296543a94f548780d70cdf84cc991c064720e
api/openapi/content_schemas/registry.py	api/openapi/content_schemas/registry.py	348	11c83bae60c10b18a245841c0adc29df8224b5acc3a474fa4e1b65ba90e2799f
api/openapi/course_paths.py	api/openapi/course_paths.py	6468	b8fd6f71b975d1e0b646a5ea9f2c87c2b3c2a1ff10e6b1a5897151bdd88e9d17
api/openapi/course_schemas.py	api/openapi/course_schemas.py	6518	827ca6cc8a8376cf59cbd9a3aa07896226100d0dee5c6bd0c76c9bfa77879fd1
api/openapi/data_paths.py	api/openapi/data_paths.py	8245	57019a7c290143a47aa5af0826f33e28f893426491f6dc9f12e2b28c95d6a026
api/openapi/integration_schemas.py	api/openapi/integration_schemas.py	4749	0bd244b5ca887a22ffcd84ff00dd45a394785b2e28779d8b4551663f2e2c88b6
api/openapi/paths.py	api/openapi/paths.py	337	9edf44289ec318e240dd1b0cb9b5318a13cbf5ca4b26c0b264df75ee545f06d0
api/openapi/primitives.py	api/openapi/primitives.py	4259	100b93bc5ce097aeb620a65853b9fc36eb0bfb4f0c249da130305ae19685b04e
api/openapi/schemas.py	api/openapi/schemas.py	264	43f49d2ca03d7d7138b82653683b687d871483c9e2bfccdfe8d6f3280ea9f499
api/openapi/spec.py	api/openapi/spec.py	6030	c2b4a887ff089fd5bb8a1e1f1da230cc2bc3006b7fabe564b56fe85774a9aac2
api/safety.py	api/safety.py	3950	e1a3054ca4a105e30d274aba1efe96b4c775178ebade8743fe4392a545a42c05
api/tests/__init__.py	api/tests/__init__.py	0	e3b0c44298fc1c149afbf4c8996fb92427ae41e4649b934ca495991b7852b855
api/tests/course_api_base.py	api/tests/course_api_base.py	6665	095d428a4d9f35dd721525c08f24e57efd3c2c6b2ae8fb481229f271be696505
api/tests/enrollment_exports_base.py	api/tests/enrollment_exports_base.py	1746	41001b7ac470fcfd106c0dc38b9da98a1eb8341259be7da840aa797cf7bd0e58
api/tests/homework_api_base.py	api/tests/homework_api_base.py	5568	53379556f7b831fa7c9bfd547eea94392c2b37cb1dc1d44abfd4e838956c8330
api/tests/project_api_base.py	api/tests/project_api_base.py	4576	114b97c839bf5a17b9cbc043d9622125d6241dae3f758c38a071f964ce2a558b
api/tests/question_api_base.py	api/tests/question_api_base.py	4748	ddb467bf60697f6ae8ad7bc8164eb8f99eeb95082e76cf8facd6e70003bdec18
api/tests/registration_campaign_base.py	api/tests/registration_campaign_base.py	2122	be731d515e219d3d9c7d0d61fad81316ad2996f9ec078e501b1eb0244469ceb0
api/tests/test_course_auth.py	api/tests/test_course_auth.py	430	d176898932e45b938f470b9d3f9fb12553ddceba917da5d10e2a923718812260
api/tests/test_course_creation.py	api/tests/test_course_creation.py	1108	38aa454031a77b454a890074eb4d9066e05cb3f0059616811539d1c752425936
api/tests/test_course_detail.py	api/tests/test_course_detail.py	544	cdb17d4b5bffe02ac38aec7f6b623f73f05c8d891260ece793915bd3e1283b81
api/tests/test_course_updates.py	api/tests/test_course_updates.py	1917	d06aab4d5baf89e5c39e01ebdb96054b9ea3aeed8d493ba50a0692900f50d30b
api/tests/test_courses.py	api/tests/test_courses.py	1074	6d001e87503267facdee80e838913561707abfdd7298510a7206b1d48d6ab331
api/tests/test_datamailer_send_audits.py	api/tests/test_datamailer_send_audits.py	6528	929eac5e4eecfe464a5092d70acc7af393adb05f6ba0baacb5792d200c4612a4
api/tests/test_enrollment_export_auth.py	api/tests/test_enrollment_export_auth.py	690	9148f5159129a7548e4cc9faa2164b2eeb753b7a4904ffe5cc5bb298b6e6dc16
api/tests/test_enrollment_export_errors.py	api/tests/test_enrollment_export_errors.py	2077	1964f60b70d697edac58cf6c3991965a73705a35bb91e719b1ad97c441df54b5
api/tests/test_enrollment_exports.py	api/tests/test_enrollment_exports.py	1832	23e026b41c88e61bc4661315298c605605f905519c1855db02d4afd538ff358d
api/tests/test_homework_auth.py	api/tests/test_homework_auth.py	980	32a44edb934146952feacbcbedf05eceafe925e7effe50747dd32c7496e33501
api/tests/test_homework_deletion.py	api/tests/test_homework_deletion.py	2439	f1851dc4a68a33757d18e8eb561639b1b4b4ebab8aaf4ac69cd6e6b59b3cbeb0
api/tests/test_homework_mutations.py	api/tests/test_homework_mutations.py	3262	67692a4d99cf2ca57bc9552adbad3dcd70f05cea1350863582064382d3045212
api/tests/test_homework_scoring.py	api/tests/test_homework_scoring.py	1833	ea00cf882fa840cabdb253e692a0096498a3d08e8519a1bc8ede51f30a07bbd9
api/tests/test_homework_upserts.py	api/tests/test_homework_upserts.py	4823	57900e5c657ddb63030d8013579ae1871ec9a9e1dd19990003b769337a43c62c
api/tests/test_homeworks.py	api/tests/test_homeworks.py	6566	0500693edb3b73850bc5f9706c9295838b4b16e3d421bccb2e42fe7418ee73dc
api/tests/test_openapi.py	api/tests/test_openapi.py	4856	966cc9a4212f2b88520d8cff02c6d043874c59e2597e6b7ccf785858de56df02
api/tests/test_project_actions.py	api/tests/test_project_actions.py	2468	e2755e3e352962f27a2290622108b583c1bf9e97f0d929ee3e8db36e0df1eef0
api/tests/test_project_auth.py	api/tests/test_project_auth.py	972	0ccbaf95c4ab4451e36c2c60bad5ce2701c61d2423d92e91c342c5fc30413367
api/tests/test_project_creation.py	api/tests/test_project_creation.py	3225	e3b0d7fad2d37df10ddcbf7bb37a3b3893e897176520eb607410ebb78740f980
api/tests/test_project_deletion.py	api/tests/test_project_deletion.py	2768	5e3247f4e941bee401cc223c8b135d125014dd5554be946d8ef2f75b6d39f2ec
api/tests/test_project_scoring.py	api/tests/test_project_scoring.py	3043	0535ff8a991f8fea7737c21eff77f1d9440bccdb703fca8ad424deddf5f4764e
api/tests/test_project_updates.py	api/tests/test_project_updates.py	5222	891801e952a8c0b1790d300c1243f5a01456cd375139635f5eb375c61b887768
api/tests/test_projects.py	api/tests/test_projects.py	995	3c5f30dcb95aa0f423ca65a74781c784e50cdcf66af8d7e787ba61df4faf137d
api/tests/test_question_auth.py	api/tests/test_question_auth.py	576	94d27882f5c10ac5efb3cb8e2d2f2dbb4544608d53c3139429903c9ae01408a7
api/tests/test_question_creation.py	api/tests/test_question_creation.py	1725	61fac816bc27de22210aadca12b6b7d0316570d7aab4d0227d23f88a2681699a
api/tests/test_question_deletion.py	api/tests/test_question_deletion.py	863	2036b1d8c3d00bd9b2aed57317c669e496dc7d2535a9afa7c4420d1f7e08d398
api/tests/test_question_updates.py	api/tests/test_question_updates.py	1893	3035d9ccd12938218b029cf61deef03c93cf45027a99bd824363ef7b92008c3e
api/tests/test_questions.py	api/tests/test_questions.py	1062	eea2006c5ae20a7ee2709ab2e6a8ea10dcace1e152c10349cf73dc6a31db96c6
api/tests/test_registration_campaign_auth.py	api/tests/test_registration_campaign_auth.py	2438	51ef9f2f99cba5a5b2a1a085010ed2bd943f510e279ce910222d1c7437949c27
api/tests/test_registration_campaigns.py	api/tests/test_registration_campaigns.py	1841	75ae92809e376d56ebc3d41a0c76c8dee17c18dab29f5bb1a97aa8db766e8c90
api/urls.py	api/urls.py	5389	c5a4932fe39ebe5c1d3b59fb4593f3a52ea3898434f346ae5afdb3039fea88f4
api/utils.py	api/utils.py	1790	65955794a7673c467a8369db03eefc034b5874df75d4f7d88b55368cc984b22c
api/views/__init__.py	api/views/__init__.py	0	e3b0c44298fc1c149afbf4c8996fb92427ae41e4649b934ca495991b7852b855
api/views/course_exports.py	api/views/course_exports.py	1684	6f406c3d3333c16b5880e8a156b6584f72d88dcaa69be23aec8366037e6f4e51
api/views/course_mutations.py	api/views/course_mutations.py	4587	ce5b139a8c4162b17cdcb14b5570194a591aefedcae675c0cdb249ec31fa198d
api/views/course_serializers.py	api/views/course_serializers.py	2836	b328771860b4b74717d3dac5324097a20c1b04d442c4917096396b1c47b35fe9
api/views/courses.py	api/views/courses.py	2467	c063bd88b2fdf14a21237e331a1a15a000cb6219481aaf78a339920fedd3f239
api/views/datamailer_send_audits.py	api/views/datamailer_send_audits.py	2721	78144022caac727d1a0e54f6bc0e6f8c9f9c58653948538d7d607b54e5a1c81c
api/views/datamailer_webhook_validation.py	api/views/datamailer_webhook_validation.py	4841	b202358b5b61a643c8904874736792bf3ad5d4667c272975c0d51bb3200d62de
api/views/enrollment_certificate_delivery.py	api/views/enrollment_certificate_delivery.py	626	70f50d0d62f23fdac3a050eb56ef84010a112093a5885181eb7ca2f61e963c48
api/views/enrollment_certificate_updates.py	api/views/enrollment_certificate_updates.py	5049	d0d92e4b719d0d54651be34b8af31d1e8a5133beac2f244fed1ddb58e6761fed
api/views/enrollment_certificate_validation.py	api/views/enrollment_certificate_validation.py	1359	f80497642360798dfba0bece3edb90623a0a21386c1c99b886e6b132ee2fec86
api/views/enrollment_certificates.py	api/views/enrollment_certificates.py	2410	14a5f00c7109957541074985c9364d52b0529ed0c3072e76e26c880f8a7499fb
api/views/enrollment_graduates.py	api/views/enrollment_graduates.py	1819	9ce4a8d4891f5cd2dcb03b5ceec9bc6b18e3999fd86981704a71655da413fec4
api/views/health.py	api/views/health.py	552	cae1c5ff52d46b3cefdf320edee9c2027eadf3882af91555739d84cc01a8694d
api/views/homework_create.py	api/views/homework_create.py	4739	c7665ff17a9923cb6073d9219dd3d0400fabf817585f8fed170f997d679a160f
api/views/homework_exports.py	api/views/homework_exports.py	2840	f9d4a23c8ce56943d23ef473c1b89e6ce180315fef17f79734397bc4fb3f2f3f
api/views/homework_serializers.py	api/views/homework_serializers.py	1514	00e26dce3a81a7255b81944beb331e0d92c889061bbe4a7e5040f3166d80dbc4
api/views/homework_upsert.py	api/views/homework_upsert.py	2829	1b3d377742672444401ca9a657474f0215df09c79566cda246d818efc33993ee
api/views/homework_upsert_common.py	api/views/homework_upsert_common.py	1567	f9c265d821e73298ec565b2cc8564775d6b95eeea15a39f01fe0dc53d794686c
api/views/homework_upsert_questions.py	api/views/homework_upsert_questions.py	1481	a7832eaadbd2947869dedd018aa28fc889576030612e989821ac7fc42753c689
api/views/homework_upsert_save.py	api/views/homework_upsert_save.py	3220	11dc87972c79e74a85f5da3c88956cf205ac30c59e2566e8737ea747669e66fc
api/views/homework_upsert_validation.py	api/views/homework_upsert_validation.py	2497	31101bf952ce23fb3c40f3f752838960d6945c0191e77eccfd93b2758ea5331a
api/views/homeworks.py	api/views/homeworks.py	5177	047dfcb6820497aa7b5a1a8f43a443e98df890519a12d3f5c2a19b5dcfa93bea
api/views/leaderboard_export_data.py	api/views/leaderboard_export_data.py	6236	48f368e370eb473615b21fc0e37abf511492656784189c339b918840e73832b9
api/views/leaderboard_exports.py	api/views/leaderboard_exports.py	2836	7307c6149c153a80baec64e687ff74e6c263c21a1b18cc49e3ae8c847478d3c3
api/views/project_action_routes.py	api/views/project_action_routes.py	921	0951927c626c35e56f054a5fbc63cab5a5b077c432426bce6ae47f8101424596
api/views/project_actions.py	api/views/project_actions.py	2359	c5505632486c664512157312520bd0e130295d98eb4c3b58fe68753c77bcfa02
api/views/project_create.py	api/views/project_create.py	5086	047b1bc9b3c1c58dfbc6d286bb48ede05b94bff08f99fe7288029ae557d381fa
api/views/project_exports.py	api/views/project_exports.py	2813	2b1fd0221c2d825e2f2b16140d14666c90a8c5e997c38227a65885f29b80f20e
api/views/project_serializers.py	api/views/project_serializers.py	2351	aefd211e7589ef7ab40af0a33347bd5fdf24a519836cf326e48e1bcbc97c65e5
api/views/project_upsert.py	api/views/project_upsert.py	867	24e9d243387a25e1907acb3ea5df97626fc6b6dcbb525bbb1dbe164146222889
api/views/project_upsert_persistence.py	api/views/project_upsert_persistence.py	3402	0cdf82fabaa8b6ded273c619ef37cf6f18856c036d1e687c76b30aa0f8fdf162
api/views/project_upsert_rules.py	api/views/project_upsert_rules.py	857	80c41797006ecb96fe43f859302d2b04cf81d5137144fe8b59ad4ed9c4e29bce
api/views/project_upsert_validation.py	api/views/project_upsert_validation.py	2377	a548d6f997f9ff926017fb3d796c103842461680aa4841b53d968f86e0111133
api/views/projects.py	api/views/projects.py	5567	de3d31d954db82218cd5bfc3bfb84ed9b9e3ff7f4793969c92f9c16f7a3cf400
api/views/question_mutations.py	api/views/question_mutations.py	3639	cacab79e2a7525806b95e6d489ad301a64e1e95e2435363bbb187d791c1f1dcb
api/views/question_serializers.py	api/views/question_serializers.py	792	37dfbee56a72f7d5a5a30e0a880b0624d952e141ec0361f68890c6493ff33cb1
api/views/questions.py	api/views/questions.py	2955	ea1d64b03d78500820899f98249c2c063b4a35c71ffb14e97da318e58061a1cd
api/views/registration_campaign_mutations.py	api/views/registration_campaign_mutations.py	2831	38d8ed6a3febdb4561d019a4f6edcd391fba93b4430c4563bac5c10f64f42c3f
api/views/registration_campaign_registrations.py	api/views/registration_campaign_registrations.py	3153	45c9bab9c0d8d4088a9f139c90da7294cd8cc22083e3356770c24d42429d83af
api/views/registration_campaign_serializers.py	api/views/registration_campaign_serializers.py	1455	53f097db0dcdfd4bb4e630609ec387ccde056dcb0e42013899f1129c14c39877
api/views/registration_campaigns.py	api/views/registration_campaigns.py	3135	9ddf7617d3e3a51b82642faf670cfbce77e3d84fd64614d88fe14b965a4827f5
api/views/serializer_counts.py	api/views/serializer_counts.py	514	7609b8403a51d9e85a1e4e52250898175a976cf85a78762d4b40bcf3beb804f8
api/views/webhooks.py	api/views/webhooks.py	2997	b4f4daf873505236ee4490151eca0b336e761afb31e7b8386a3d0bfd368677cb
cadmin/__init__.py	studio_courses/__init__.py	0	e3b0c44298fc1c149afbf4c8996fb92427ae41e4649b934ca495991b7852b855
cadmin/admin.py	studio_courses/admin.py	30	463622c28efe67688db3d25c421011820d5a83cdebe43b9a994675d65fdfe475
cadmin/apps.py	studio_courses/apps.py	144	1d2f491e82b770fffa5bde228a2ca2b2be4e7db3fdba728c817a80c37653ccd9
cadmin/deadline_extension.py	studio_courses/deadline_extension.py	3077	7109f68a36bc4d64ccf0d3f847e673cf45152e50ed210f2e2b2d126a3d22906e
cadmin/forms.py	studio_courses/forms.py	6113	cc76a94a37c8dbf8b3b1844eb9db65d5b1185c7f920642ab1220fe3ea4b513b8
cadmin/migrations/__init__.py	studio_courses/migrations/__init__.py	0	e3b0c44298fc1c149afbf4c8996fb92427ae41e4649b934ca495991b7852b855
cadmin/models.py	studio_courses/models.py	28	0578b324c0f9f4fd62295be033fa36c2307ee322288e7f48d690182d49f7625a
cadmin/services.py	studio_courses/services.py	3555	920f791361ac20863e9417e2df7192267d2868b6461f441310e87062ec8c4a77
cadmin/templates/cadmin/_extend_deadline_menu.html	studio_courses/templates/studio_courses/_extend_deadline_menu.html	1216	f479745cb00b719dbd0f5242e37e0f80bfe23cada880efd3337ecffe379af358
cadmin/templates/cadmin/base.html	studio_courses/templates/studio_courses/base.html	815	7fb6bdc835ed390cf2d41b7ac162096b2ef0b2fabbb0fe3c7fabe96828420f9c
cadmin/templates/cadmin/campaign_form.html	studio_courses/templates/studio_courses/campaign_form.html	7366	a93387d01aa6204d70ff6a869021dfc14db55cb800344f67691333db4dc47725
cadmin/templates/cadmin/campaign_registrations.html	studio_courses/templates/studio_courses/campaign_registrations.html	5883	8552abb86b0974d5fcb94342267d6ac8ec8d3f69ab6bcba8878d2aa3ccc03e18
cadmin/templates/cadmin/cloudwatch_dashboard.html	studio_courses/templates/studio_courses/cloudwatch_dashboard.html	4037	9c8c9a602dac0b147dd013f85a32f6e095b1d33d46919664000aab13b414f68c
cadmin/templates/cadmin/course_admin.html	studio_courses/templates/studio_courses/course_admin.html	18628	eba7704ea00b98202ca76f81457c63b500bec7ca8e5de67187a1d7c6e8d22c11
cadmin/templates/cadmin/course_list.html	studio_courses/templates/studio_courses/course_list.html	4790	85353f8b407d32f041b841d1b986c6f08544c396f691f232886006ad75b89fda
cadmin/templates/cadmin/datamailer_events.html	studio_courses/templates/studio_courses/datamailer_events.html	4757	22e76fc170eb4504bd2f887a9e975298b7a3182687b51d04d20b9bfbcc4ac732
cadmin/templates/cadmin/datamailer_operations.html	studio_courses/templates/studio_courses/datamailer_operations.html	9289	5aa0fdd1412d45975009741194abcf37e3538f81c583a46b4b52b4164e4854f5
cadmin/templates/cadmin/enrollment_edit.html	studio_courses/templates/studio_courses/enrollment_edit.html	12111	06c73ff7b1a228f1b9710ff5a3061ba5995b50aa23a527b1bd75b2512d3023e1
cadmin/templates/cadmin/enrollments.html	studio_courses/templates/studio_courses/enrollments.html	14513	d24aa5c3e48cbf1c889f7ffa1073e3f754375cb1a760dca86de238560e97da54
cadmin/templates/cadmin/homework_submission_edit.html	studio_courses/templates/studio_courses/homework_submission_edit.html	10124	11f834a4cb3ee13ffd0614d09a9b2e83deb5f8b425de1eac98f76d2113e7732e
cadmin/templates/cadmin/homework_submissions.html	studio_courses/templates/studio_courses/homework_submissions.html	17603	9a9bba0f15ed112ee32f12eece2fdc170b043dfb4a7cee673a66df5d4d83ba92
cadmin/templates/cadmin/include/campaign_field.html	studio_courses/templates/studio_courses/include/campaign_field.html	387	b822ab75a0a7e09643dce9a1451a8fec7506ab3a4c2daa29ded4548e603dfbb4
cadmin/templates/cadmin/leaderboard_complaints.html	studio_courses/templates/studio_courses/leaderboard_complaints.html	5123	2c39e806a38f2702b984a715a43a8dea584263beb817a3086ef0f4cc8529b862
cadmin/templates/cadmin/project_submission_edit.html	studio_courses/templates/studio_courses/project_submission_edit.html	11462	b4d2a6cf8edb2104bebaaeae26747a2aa2ccb1b23b7881096f6c0913126277a1
cadmin/templates/cadmin/project_submissions.html	studio_courses/templates/studio_courses/project_submissions.html	23247	c8626e6f6405c54b46165e064866ff4f0e9b8ab4b7f5cbc4396acbf091b89109
cadmin/tests/__init__.py	studio_courses/tests/__init__.py	23	10791d94addceb7610fca95835a8f45b2b67999ce9d461fd610b3d16c4bc2f99
cadmin/tests/campaign_view_base.py	studio_courses/tests/campaign_view_base.py	4082	e779ddd37508297d3ea0d995bb9caf2275a1f21dbb1b36cbfab4ff3bf98d95ba
cadmin/tests/homework_view_base.py	studio_courses/tests/homework_view_base.py	13504	e310a3fbf67a6e5917536796fa672e8471eead69dc348295f259ff5db81e7952
cadmin/tests/impersonation_base.py	studio_courses/tests/impersonation_base.py	1096	d2eeecf1ff95111fc1b155acd6ea6cadb2e271fc9e7dbc67dea493256331b294
cadmin/tests/project_view_base.py	studio_courses/tests/project_view_base.py	8400	8c630be2b3c27bff4bdd3bae29141417c3bbb1995d71029e68ef09d89a1cd27d
cadmin/tests/test_campaign_datamailer_views.py	studio_courses/tests/test_campaign_datamailer_views.py	5388	5d7e3dcbc5b4a297c0a59d2a1e965f6e706b95af1ce4f817a85a1be55d3c2601
cadmin/tests/test_campaign_views.py	studio_courses/tests/test_campaign_views.py	3687	cee1b554af192ee6d654a60654fbc5cb13e3e6db857deb049616993faf6715f1
cadmin/tests/test_cloudwatch_dashboard_views.py	studio_courses/tests/test_cloudwatch_dashboard_views.py	5274	9eea8bd249b1486382e13cbbd34ddc8efb85a7c607fc4be7c6d4f092b18156b5
cadmin/tests/test_course_views.py	studio_courses/tests/test_course_views.py	5631	9222f768cd9446fab14b8eef35c4bcb07deb6e8015964c2e1ac21cf6086061cb
cadmin/tests/test_datamailer_views.py	studio_courses/tests/test_datamailer_views.py	9821	e44f1369e12d9dc667693f08a7d75ce595a442063eb1d74dd9ae046847c0d7a6
cadmin/tests/test_homework_submission_edit_views.py	studio_courses/tests/test_homework_submission_edit_views.py	3562	b8c0cd2369f50e21d235afd2eaf5f1c25c2017bcc4c10eee31620397f11be1da
cadmin/tests/test_homework_views.py	studio_courses/tests/test_homework_views.py	21012	5a24400003aee8b99e303310c28ce6da83d5b00f3fb398cb7eacb62b36155ac4
cadmin/tests/test_impersonation_enrollment_views.py	studio_courses/tests/test_impersonation_enrollment_views.py	1110	feb5d8b3eca0380a33f7e4b10b486009456094851c8dc47739d1931b0c561a91
cadmin/tests/test_impersonation_stop_views.py	studio_courses/tests/test_impersonation_stop_views.py	3086	9d464065fd71ac21894a812a8d3a39d243ff1673ea0c8f6b820388a0982f05e3
cadmin/tests/test_impersonation_views.py	studio_courses/tests/test_impersonation_views.py	1453	fbfd57132621330b2e4e83500ab0a97a5ea0b1ff6c5f2687392cee2e075309ed
cadmin/tests/test_leaderboard_views.py	studio_courses/tests/test_leaderboard_views.py	6021	c2c3229273b02fa0a0dea87b73edab9231f6e324ec9afd210ac9fde00a116f8f
cadmin/tests/test_project_action_views.py	studio_courses/tests/test_project_action_views.py	6498	6af14a587de1bb265d42262059e341c6c0c11cad049c5d6772411ab3da3ad0be
cadmin/tests/test_project_submission_edit_views.py	studio_courses/tests/test_project_submission_edit_views.py	2511	ec29fc88f9f0ee8a65c774a98058f8d6a0f5369483fcc972e681e364d25d5a9a
cadmin/tests/test_project_views.py	studio_courses/tests/test_project_views.py	4727	ae0dfd442cb53b7ec1f8abee47fc0188f21b2f5b1f646587c3b79740a339d3c7
cadmin/tests/test_view_models.py	studio_courses/tests/test_view_models.py	7028	0c67794077ede6d815889584d6733ad270b47c982b1583bcc831f828b159f39f
cadmin/urls.py	studio_courses/urls.py	4376	673109e07eea850f8a61b57440acc27292247476d9db4fcf2eb871d4976c702c
cadmin/views/__init__.py	studio_courses/views/__init__.py	0	e3b0c44298fc1c149afbf4c8996fb92427ae41e4649b934ca495991b7852b855
cadmin/views/campaign_datamailer.py	studio_courses/views/campaign_datamailer.py	5929	7e65a5b2f771e6f0893cd8481f5f00037401f9bba2428632d1a68c74204d29c3
cadmin/views/campaign_forms.py	studio_courses/views/campaign_forms.py	3944	2f1317564cc56d2b608f1ad1aac3da027034a69fef2774798f00f5057969d2ac
cadmin/views/campaign_metrics.py	studio_courses/views/campaign_metrics.py	553	bfbcb51585a8398c23720337bea5de1f43aa948fc06b3779f6bf01f85b891fdd
cadmin/views/campaign_registration_list.py	studio_courses/views/campaign_registration_list.py	2902	1ee8d89bf00cdf050c727197fa2fad0d805649d0f66831df55f7288d958465ed
cadmin/views/campaigns.py	studio_courses/views/campaigns.py	3049	dbad6a957eacf53bd1b101d090a3576863f6c7b2b6010276f7443d519cd4cc28
cadmin/views/course_admin.py	studio_courses/views/course_admin.py	4419	cf4207f5b070af3e72b9d4699bda627588a26ffe32b1b34462c0ff58db163afa
cadmin/views/datamailer.py	studio_courses/views/datamailer.py	1111	d1c3d9bb630cecad1dafa4b48cc42382934ccd62788bec35d69d5ad1df0742a7
cadmin/views/datamailer_events.py	studio_courses/views/datamailer_events.py	2617	13e3145659a1e2dd1696c09e88bf93ea851e3c53c6ade38b262442e654b18efc
cadmin/views/datamailer_operations.py	studio_courses/views/datamailer_operations.py	3082	c7644cd7c72009990e9286b61200f61217fa49435bda3b3897ecf248d5553283
cadmin/views/datamailer_outbox_operations.py	studio_courses/views/datamailer_outbox_operations.py	1230	e9c68b3abe111e1c26abb1803b49ddba05a2f722264d12f274e07ad40acc4dfb
cadmin/views/datamailer_send_audits.py	studio_courses/views/datamailer_send_audits.py	2004	a16afecddb7f439fa485d571e66e3f4a2374faf1a298faa86992391c1eb940e5
cadmin/views/enrollment.py	studio_courses/views/enrollment.py	2263	031e7f6c4607f143181cfbad9ee75230bbdd0a4ff141427bc2c8de5c336f37e6
cadmin/views/enrollment_complaints.py	studio_courses/views/enrollment_complaints.py	3116	180b4755d4c95036f34b672bf75a00e76ac129efa8b162badaa4f3536a24d19f
cadmin/views/enrollment_edit.py	studio_courses/views/enrollment_edit.py	2676	4f7c8617e1c39a48826e49b51985b8b61d569da44ef620aae53c2e48f1cea2a2
cadmin/views/enrollment_list.py	studio_courses/views/enrollment_list.py	1281	d8fd186c235ac3e4df6533de22fc98e5a8594f76d550c15d9b9a9b4fdf085848
cadmin/views/helpers.py	studio_courses/views/helpers.py	1856	4b317a62bda16c3cd6d5d0af7d801fc5a1117b7ea913894b6252342766587205
cadmin/views/homework.py	studio_courses/views/homework.py	8463	1b96f102ba0dec60148ba66f6d7227ffddbce6e311637fe6e147e04fb9a08b59
cadmin/views/homework_submission_edit.py	studio_courses/views/homework_submission_edit.py	5004	369601ebed22914e1eea6cf5e18d44a9f95576caeb9094fd95b606cfa54b0797
cadmin/views/homework_submission_list.py	studio_courses/views/homework_submission_list.py	1745	0aca34a91609a52693b1685ec253d1ce7dbab585c63bd9dcbd062fed96ef98c7
cadmin/views/observability.py	studio_courses/views/observability.py	1011	2365fcb6241a0c088201eabf580e65abf7d3a6cb2661de7d09a53ebecb9f4642
cadmin/views/project_submission_edit.py	studio_courses/views/project_submission_edit.py	3365	99158b7c084816f9cae89eae70ac78a4ccf8594a39a28698a82e8958dbe8fe60
cadmin/views/project_submission_list.py	studio_courses/views/project_submission_list.py	2472	e60be7265d8942c3ce44990da12387ab3c057a55990400691abe0f5c1a1c4c96
cadmin/views/projects.py	studio_courses/views/projects.py	4953	5457e65780779775b9081b20ce7c6d34b2ea165b463dcc3f8ddee3d42b175541
cadmin/views/view_models.py	studio_courses/views/view_models.py	6029	d1b4ce57506d4a26324045e2454f36a0749d320929a0c103d167e45393ea1bd4
course_management/__init__.py	course_management/__init__.py	0	e3b0c44298fc1c149afbf4c8996fb92427ae41e4649b934ca495991b7852b855
course_management/asgi.py	course_management/asgi.py	411	6a23768d90ebddab513781f0808a35650f4ac67606305779bfc33a656b5c2ef1
course_management/context_processors.py	course_management/context_processors.py	455	bd63ee9432b62725943dfd0d3b8966584f66354403497d31bf54dca9ad55baa2
course_management/datamailer/__init__.py	course_management/datamailer/__init__.py	0	e3b0c44298fc1c149afbf4c8996fb92427ae41e4649b934ca495991b7852b855
course_management/datamailer/campaign_operations.py	course_management/datamailer/campaign_operations.py	3651	27c498a455041f172a202749bc4a74d6671baa4539bdce75a9c566d497792618
course_management/datamailer/client.py	course_management/datamailer/client.py	5102	3129263bff2912cd6853e1ed7e22fe10879b5b5faa0276cb4b3cb478e69c330f
course_management/datamailer/client_campaigns.py	course_management/datamailer/client_campaigns.py	2854	82b495052d2bda8d3a6abda97c09c7928861e98b493b2e926deafeab360c1231
course_management/datamailer/client_contacts.py	course_management/datamailer/client_contacts.py	3224	df1b38d01fd05273176996432f4815199e53bc0aa007f38fe366a55720cd2f7c
course_management/datamailer/client_recipient_lists.py	course_management/datamailer/client_recipient_lists.py	4856	3f64a4597038abf1cc057ebf366dcac79d3cddb9ffbf2fbba06e2733e0ee50a3
course_management/datamailer/client_transactional.py	course_management/datamailer/client_transactional.py	876	86636ce343b551c5a75d02fd31ffa02d3a9f783e3f9de0f5e302f207a951c54f
course_management/datamailer/client_types.py	course_management/datamailer/client_types.py	338	adf2899986b0b84e9fb8a6a04206b4a4033cf44253d91836a490cbdd6e845a01
course_management/datamailer/keys.py	course_management/datamailer/keys.py	2014	1cac40ca101667da45df15d2598eb48c635e91ef7933dfc899cea088c8076510
course_management/datamailer/payloads/base.py	course_management/datamailer/payloads/base.py	4542	4d68a4380abed44fed02ffc2f69983882c46308627588803e11933114c9d8167
course_management/datamailer/payloads/bulk.py	course_management/datamailer/payloads/bulk.py	205	784bd87f78f17136db8f9cb3ddb83e93606aa8a9c06cace8c8fb1c57ce29352c
course_management/datamailer/payloads/certificate_availability.py	course_management/datamailer/payloads/certificate_availability.py	3662	a622a5414e74a2848928a869e9db86e358ac4ae256c62a5b18382fa88e400809
course_management/datamailer/payloads/course_graduates.py	course_management/datamailer/payloads/course_graduates.py	3240	7bd2f9fb09db61c36b0ba2aa01a8e1474173d28a5f13c9644961be64b68f06e3
course_management/datamailer/payloads/homework_scores.py	course_management/datamailer/payloads/homework_scores.py	2526	ab01590cbacf81135e4ce461ab3d55afe8279d2665244bb96b843ffc7c874251
course_management/datamailer/payloads/peer_review.py	course_management/datamailer/payloads/peer_review.py	5267	53d54b6b944cd3b937ce73e7bf127efff49a127f9a1239df0a352b4d1bfbc638
course_management/datamailer/payloads/peer_review_members.py	course_management/datamailer/payloads/peer_review_members.py	6468	44bfed4e1963b9848a825a332c7bd5fee20e18eb2684b15ff80ae81b248b8de9
course_management/datamailer/payloads/project_outcomes.py	course_management/datamailer/payloads/project_outcomes.py	3380	af9497317c7561e6567133c583a3a42fadb752001b60d0eefc18c6129d2f1816
course_management/datamailer/payloads/project_scores.py	course_management/datamailer/payloads/project_scores.py	3219	56b32cf06b2d1a2c8678ff6b82a39d1b94f823a4e1258f05e22cba7776acf18c
course_management/datamailer/payloads/registration_campaigns.py	course_management/datamailer/payloads/registration_campaigns.py	2071	29b423c340819f4c8126306177785eb86ea0613f57434dbe739b9dd38558b9ae
course_management/datamailer/payloads/registration_common.py	course_management/datamailer/payloads/registration_common.py	166	d4d80b6a8206dcab068f6d9e41d70d6ed7fe4001ad246c423d8fcef2ebcf3231
course_management/datamailer/payloads/registration_confirmations.py	course_management/datamailer/payloads/registration_confirmations.py	5089	b415d95b8774a7207d17c96cf0919d62abca9ade2ee352aa8fc466cbb7b4d534
course_management/datamailer/payloads/registration_contacts.py	course_management/datamailer/payloads/registration_contacts.py	807	2b018cfaace2400140a8bf4cf7bde0c13a02150d4ac13cb03c2e254afb8409ca
course_management/datamailer/payloads/registration_members.py	course_management/datamailer/payloads/registration_members.py	2054	d3306522ebdf3f0bfa2411e3f209ea71e0ed4cacf690032eb0a7b1227a3d4c48
course_management/datamailer/payloads/score_members.py	course_management/datamailer/payloads/score_members.py	2629	431b2dd492e446da873e3a8895c287b601c735cea3711d84aa0f5500e34d5778
course_management/datamailer/payloads/score_notifications.py	course_management/datamailer/payloads/score_notifications.py	1415	234c1d1e029212a7c754ceb7599c55eb2c61fd211d5c1bf30e421f7e0cf5c5fe
course_management/datamailer/payloads/send.py	course_management/datamailer/payloads/send.py	4951	22b252530d979c5de381984cae550673c83b76b9949c4d3f0456531084316a8a
course_management/datamailer/payloads/submissions.py	course_management/datamailer/payloads/submissions.py	5407	265343f58159362ddfe8500f6ab61c74677f3656672312d0788b4cf00caaaf8d
course_management/datamailer/payloads/urls.py	course_management/datamailer/payloads/urls.py	292	1d52c5260cad20ab518a2f11f5fb7334aee6ffc1ce94ce17de48d2ecda9e68ba
course_management/datamailer/preference_categories.py	course_management/datamailer/preference_categories.py	3135	24840b082880d7726c0a75aa0cd440b4dfbad860507c7b90907e45dd56313f37
course_management/datamailer/preferences.py	course_management/datamailer/preferences.py	2434	d8c9282b5a9bfefc687dbc89e835b99e26b5cd6eea87baca0aca27a906de5766
course_management/datamailer/recipient_list_audit.py	course_management/datamailer/recipient_list_audit.py	3631	7789814a7cadca2a249c9e56a73bc0589678a3b695f2dd8ce8cc758c4d7a3155
course_management/datamailer/recipient_list_batches.py	course_management/datamailer/recipient_list_batches.py	2023	022b5fe709a72c972f37f0aabe25addcda32e30d648ec4058f834bb2c73fc751
course_management/datamailer/recipient_list_drift.py	course_management/datamailer/recipient_list_drift.py	2400	79623e8931db1798bca5121569c97b0d9ab981c983b3b18cb034c36408595700
course_management/datamailer/recipient_list_import_jobs.py	course_management/datamailer/recipient_list_import_jobs.py	5288	7a083375d848e8585021f9c51b68018b96a5b18be6862d3121c21e180401d774
course_management/datamailer/recipient_list_imports.py	course_management/datamailer/recipient_list_imports.py	4108	c4c1e69bb192544987a5d36694714605e5b42f92e2652176c922c7bab200c959
course_management/datamailer/recipient_list_sources.py	course_management/datamailer/recipient_list_sources.py	4374	f7f9fa3a1994eb38f7afb1690da1aaa6f72c8d4a3f7c0e16d6bf1e95f12ae2b8
course_management/datamailer/recipient_list_sync.py	course_management/datamailer/recipient_list_sync.py	3038	a53e07657deb9c8acb3df0907a626f4d755cd2766a397441e710524f66a42ce5
course_management/datamailer/status_output.py	course_management/datamailer/status_output.py	4651	4d6dae7dc75876f3d535cb258fe81d5fb44ec6062ec35b47d040637f0b54fb3e
course_management/datamailer/sync/__init__.py	course_management/datamailer/sync/__init__.py	0	e3b0c44298fc1c149afbf4c8996fb92427ae41e4649b934ca495991b7852b855
course_management/datamailer/sync/audit.py	course_management/datamailer/sync/audit.py	4229	7ae398357353a55a2bebe82908db2666930b5bcd295edc2f54d965a27f1c444a
course_management/datamailer/sync/bulk.py	course_management/datamailer/sync/bulk.py	1694	1da783cfb1abd4f6dc77f0f022deb0c8ecbc39c9f958ad56304fa46f35a20ce2
course_management/datamailer/sync/certificates.py	course_management/datamailer/sync/certificates.py	3925	7625583acd42b9fa5ee8a875b0cb757825dd0183331e6731bd60fa0874071bbd
course_management/datamailer/sync/contacts.py	course_management/datamailer/sync/contacts.py	2839	90707f8ff76b7cd987168656b0c824741a7bb426a071d34e72d263f34f1a6372
course_management/datamailer/sync/membership_events.py	course_management/datamailer/sync/membership_events.py	2696	dc4df13ac74c02bc40fa70c020ac6802dbcf4387d4d57feb573eb7f944f0208a
course_management/datamailer/sync/membership_removals.py	course_management/datamailer/sync/membership_removals.py	2791	6c3094d55a2ca28ff0ab8a92137d95db72d4664087af884e266cf7d510816ac1
course_management/datamailer/sync/memberships.py	course_management/datamailer/sync/memberships.py	4155	768245a84537b3ea31ceefe1ac4567c6b02fb6d69bb44e7c9538e9b2fe29fd2b
course_management/datamailer/sync/notifications.py	course_management/datamailer/sync/notifications.py	410	2d09634003f52a6b503632154b616d3d90c341e1a625ed657be6ead6d5b6eb4b
course_management/datamailer/sync/peer_review_notifications.py	course_management/datamailer/sync/peer_review_notifications.py	2402	b7b14c864fdac8f8e4dfbcf2b5e85f7548a742e6c4907ca70a4dde92cccd11f4
course_management/datamailer/sync/recipient_list_send.py	course_management/datamailer/sync/recipient_list_send.py	2655	471fc63429ff317e887f9151be3f795b87cb6a6dde2d6cc6eaecb7e2291bbe49
course_management/datamailer/sync/score_notifications.py	course_management/datamailer/sync/score_notifications.py	4777	9de50616108400c33c32075ad75b2fcb19a520f3554168a3b1f2fb859ac4328e
course_management/datamailer/sync/status.py	course_management/datamailer/sync/status.py	2005	d855590094adaa3495bca2b1d7dd806d5786e814ea37d5d513fa651e2bf41af0
course_management/datamailer/sync/transactional.py	course_management/datamailer/sync/transactional.py	1975	94a57f99d4ad14a84048e59396da09c883c54fe8914d4a926eee7ea0f242cb06
course_management/datamailer_outbox.py	course_management/datamailer_outbox.py	1869	6a83e7c8a8bca48a3967ac15296605009cb01a0cb32d5fe32957e4f4053a54a8
course_management/datamailer_outbox_dispatch.py	course_management/datamailer_outbox_dispatch.py	4515	0f5e4521dcf11c794c1dc3db513f03620fd5c6eeef6ad3b2bbb36cf3cc44427c
course_management/datamailer_outbox_retry.py	course_management/datamailer_outbox_retry.py	1028	9eff83c6bacf1b1ca20fa6d455643244b6c43a8ae1b2ace53eb46d5a33c05d50
course_management/datamailer_outbox_runs.py	course_management/datamailer_outbox_runs.py	3289	3c3ade1204a563e8164a6d9136aeae8a6a49789448e98344e6089bc1b8adcc98
course_management/datamailer_outbox_senders.py	course_management/datamailer_outbox_senders.py	1865	030859a4a312805ba019b2184d29972f8a33a492915df2944afaa5f4d497f6f7
course_management/datamailer_outbox_status.py	course_management/datamailer_outbox_status.py	1656	597d975acee3bf68414a47df8e6701ef1cc8c83193d85bfade34885e1bddd76e
course_management/datamailer_templates/README.md	course_management/datamailer_templates/README.md	1521	64e5dfb1b918f990d81b344f45a1bbe63f8b87bb87fb9447cf18052d62c02295
course_management/datamailer_templates/definitions/certificates.py	course_management/datamailer_templates/definitions/certificates.py	2113	2fd6120572b9ee2642a9df1a873b30348366840bb1a3b0987a193d8dded38431
course_management/datamailer_templates/definitions/common.py	course_management/datamailer_templates/definitions/common.py	1276	47a7ebae782db7afcc9f8cad2b51862eedd1431a77463819f336fe726a67a6c4
course_management/datamailer_templates/definitions/peer_review.py	course_management/datamailer_templates/definitions/peer_review.py	5265	d21e3aabe251dd924b31817229e57e8c7472ef3e40967df642a4f7912fb476ff
course_management/datamailer_templates/definitions/registry.py	course_management/datamailer_templates/definitions/registry.py	865	a77f855e549e21db934c03f0e65c43213e2f08d5e19ac057da54cf68720467ce
course_management/datamailer_templates/definitions/reminders.py	course_management/datamailer_templates/definitions/reminders.py	2379	0525c7cbe4ba95f005f48a189cd5f1ddf641b145f7841dbb9f58fa34a91073c8
course_management/datamailer_templates/definitions/scores.py	course_management/datamailer_templates/definitions/scores.py	10046	3e6bf2fb45f45273cc24002f331a419cfc8a7baf6b179118a9e9f1ad26c7d89c
course_management/datamailer_templates/definitions/submissions.py	course_management/datamailer_templates/definitions/submissions.py	7908	afc5823e585ad8f89ec434092a5e6b4ceecf0e43e777e06bf3a53e2d8c238d34
course_management/deadlines.py	course_management/deadlines.py	776	1002162cd431388ef28c700fb8c099de0e8286c0bde91e887c5bdeb24877cc76
course_management/email_templates.py	course_management/email_templates.py	490	4ed99220ca51bab7a57fa1fbc5eae6c8253e012a079f6d734c4d0309917059fb
course_management/middleware.py	course_management/middleware.py	871	ff9a530510331002a1862057e072a62f0f77b662e2f2cdb990e8e6e79cf6c173
course_management/observability/__init__.py	course_management/observability/__init__.py	143	a7e6f406b2a8ebe9f0e7b4584118e839a1e86804ebda399fc919d9fd2820ffd5
course_management/observability/cloudwatch.py	course_management/observability/cloudwatch.py	1792	516e1f689665e4385a565db4421cf13d6e9c86e9e1af3f435aa3896549c7c5ad
course_management/observability/cloudwatch_dashboard.py	course_management/observability/cloudwatch_dashboard.py	8098	1ffca15a4118c560ef0480c3d14df885e73c9940f2e07d8c5021638420565b5e
course_management/observability/events.py	course_management/observability/events.py	5018	6a2a2ff68b09112aff4afa28f422ed9b5efdcbf05409e8c9abf64c72dce40f2b
course_management/settings.py	course_management/settings.py	12053	9c84179191baa5b16249e3a67969ef523678d52a2c6ff3442ed2d7543674c645
course_management/urls.py	course_management/urls.py	555	344982aa138e86557a918cde847b246c8c88c0a1da7698fefbfebf35a06b39a7
course_management/wsgi.py	course_management/wsgi.py	411	5dbccfc920f97b85af2f38d252e2ba1f35034afca35ef6ce455083f03dea3e6b
courses/__init__.py	courses/__init__.py	0	e3b0c44298fc1c149afbf4c8996fb92427ae41e4649b934ca495991b7852b855
courses/admin/__init__.py	courses/admin/__init__.py	64	62256d6ffa8d1c5ae007b82b5b9f67744b44b1ee6fa60021e0c77b97a50e8f80
courses/admin/course.py	courses/admin/course.py	7523	4c926b7f232348b19d9fb8081289e606f1238b843c3c11e50af90e6a1e903ccd
courses/admin/homework.py	courses/admin/homework.py	3637	a662e2d319d398c571f79e8b73d559317dab1c5d6ca77cac47d874241ff4bf91
courses/admin/projects.py	courses/admin/projects.py	2490	4b894e0f5be17edb94297dac9a9df38c9af98b8cbc0cd058b55e908da73d8523
courses/admin/wrapped.py	courses/admin/wrapped.py	1013	c30061dca189e21177c5f46d30e151d6e282f7a0012d851e63a2744289e76cba
courses/apps.py	courses/apps.py	213	8fcd6d6b2e998b83d5440a6ab605de2c5ce9f750029f4c60b7520f8ffd98ee26
courses/assignment_statistics.py	courses/assignment_statistics.py	4291	25be1225921047598b83fcd5f84313d85f2619983da2d4b29e4e4e9d2d02cb0e
courses/countries.txt	courses/countries.txt	2389	3c8055f1e21c59917c1877fbcd406fa6a1e697bf42acd06423ce32fb58967336
courses/deadline_reminder_events.py	courses/deadline_reminder_events.py	5010	cec341a6d2e964ee96d710f8fdb2193b85d442db22ccba20487e81bdf7e46528
courses/deadline_reminder_items.py	courses/deadline_reminder_items.py	3504	741bbf9d63806d63f75de9a2b0ff1686e0735f03fd98315418f008b9dad57bf5
courses/deadline_reminder_members.py	courses/deadline_reminder_members.py	2853	192e0be4d3925f6ddc6c15fc715dd595ce5158174b611ad4010a34860dd5d0fa
courses/deadline_reminder_payloads.py	courses/deadline_reminder_payloads.py	4392	a9007ab6578e29161f432a71793bea855318c560af14ed68eecd9f66f84e4357
courses/deadline_reminder_queries.py	courses/deadline_reminder_queries.py	4388	4045cefa85def53a8bcd2081e83e8d437d653858be3106f7a02500d7b5dc3ba3
courses/deadline_reminder_specs.py	courses/deadline_reminder_specs.py	1436	6fa1691b5b295f8f3b09a1cc725cf8acc096795b3148b8dba73e02969395be7a
courses/deadline_reminder_types.py	courses/deadline_reminder_types.py	1324	4ded4e151fcae796c6effa778d7fa8ebb727737e73b9d3b45f1fd49b3f784cf6
courses/homework_answer_checks.py	courses/homework_answer_checks.py	3829	4eefceed3fd07fb5e6136dd2ceeda9feeac6f61907dd08310ceaff1e033a829b
courses/homework_correct_answers.py	courses/homework_correct_answers.py	2573	5e6d572b58f6eafe40e0e9684c7a08ff59550c2a5af3f1cada0fd38ca7e80412
courses/homework_question_stats.py	courses/homework_question_stats.py	3433	493389f521dd58b668c49760c3b328aa953a2b1278d527248cbd60373e40f583
courses/homework_score_calculation.py	courses/homework_score_calculation.py	2016	f203e56310a809dfa943bdbf169939eb4b89929481054e08b6eb9e315f70718b
courses/leaderboard.py	courses/leaderboard.py	2655	7d3327d496ff03180b21d567ec94e3bb94008e06d74869ed641fe9b9a83b8ad1
courses/management/__init__.py	courses/management/__init__.py	1	01ba4719c80b6fe911b091a7c05124b64eeece964e09c058ef8f9805daca546b
courses/management/commands/__init__.py	courses/management/commands/__init__.py	1	01ba4719c80b6fe911b091a7c05124b64eeece964e09c058ef8f9805daca546b
courses/management/commands/audit_datamailer_recipient_lists.py	courses/management/commands/audit_datamailer_recipient_lists.py	4948	1470040f1121a2e63ef1d1653039728699dcabc0cb725df409c7fb16089b4c78
courses/management/commands/datamailer_campaign.py	courses/management/commands/datamailer_campaign.py	5370	3f0fe3b8757c9bd9816a2f87c3eb30a2150ca9d3d0cb9c20a9c89ac599bcf19d
courses/management/commands/datamailer_status.py	courses/management/commands/datamailer_status.py	2357	d0dac828912b3f9312c73456ecd51ae73d9da7f75da0078b4b7bb09a6632a8cb
courses/management/commands/preview_peer_review_email.py	courses/management/commands/preview_peer_review_email.py	5316	8ac924100550a702afa242604cbb0add25459ab85df14469cfbab8cecb2a7667
courses/management/commands/send_deadline_reminders.py	courses/management/commands/send_deadline_reminders.py	5523	50546ac8a5f285918d6b43dfecad8adec13912636924d4d02bcbe78a9b8e014c
courses/management/commands/sync_datamailer_contacts.py	courses/management/commands/sync_datamailer_contacts.py	5652	ddde200cc288f7bd339ff0a91fc6c52fab051d270cdd286af56246d3dc37929d
courses/management/commands/sync_datamailer_recipient_lists.py	courses/management/commands/sync_datamailer_recipient_lists.py	6678	6bc77050f8732f1b56a2265d6d96b03c61513826eaae8187aaf03ec01322cce2
courses/management/commands/upsert_datamailer_templates.py	courses/management/commands/upsert_datamailer_templates.py	3019	75ca5650b470f1f458d645b618027b4ee7663238901b72b9c20602af70464807
courses/migrations/0001_initial.py	courses/migrations/0001_initial.py	19246	e904d5cd75aed95442f7c0dc6298fc7f3f9c2540305b3709ab4efb2a7d1e434b
courses/migrations/0002_alter_enrollment_student.py	courses/migrations/0002_alter_enrollment_student.py	603	c8c65468dd1ae5bfbdca343e1411f6df839b57d70ef1cafd4039f93d686df672
courses/migrations/0003_replace_commas_with_linebreaks_in_possible_answers.py	courses/migrations/0003_replace_commas_with_linebreaks_in_possible_answers.py	598	99cb2719ea943cb585c01c6fc3c6e6df0ffc84677593520cff67636a7969319b
courses/migrations/0004_update_correct_answer_indexes.py	courses/migrations/0004_update_correct_answer_indexes.py	2155	be6a45f38f50b90de862a0f7182bb427d461b5a1f575a28f51930eae68d65212
courses/migrations/0005_update_answers_with_indexes.py	courses/migrations/0005_update_answers_with_indexes.py	2290	da6ede7d56831f0b73f1b8bdf2fa62132162d0c0a0f1cf5a6feb3edda74c123c
courses/migrations/0006_course_first_homework_scored.py	courses/migrations/0006_course_first_homework_scored.py	830	22fe9602784e42bc7f9be518936cc2580191c9651ca3cf565caabe4308f74ac1
courses/migrations/0007_enrollment_position_on_leaderboard.py	courses/migrations/0007_enrollment_position_on_leaderboard.py	438	0f59d2a2dbd333e1e4c97b634a4f3598603afee27926c09c42c2cc3aa550f98d
courses/migrations/0008_remove_answer_student.py	courses/migrations/0008_remove_answer_student.py	346	9dbb6051290e15fb37ed9de4a814dd031749796e8c093233edefed7304759819
courses/migrations/0009_rename_comments_peerreview_problems_comments_and_more.py	courses/migrations/0009_rename_comments_peerreview_problems_comments_and_more.py	2350	2e549eeb7945642d751d6e174411c779f45972af091bc31c1b344a606d28b019
courses/migrations/0010_remove_reviewcriteria_max_score.py	courses/migrations/0010_remove_reviewcriteria_max_score.py	375	5923ea4e08fb89476db8a3320c338422e0a286cd9e93dd400bbcefb6ef1e6171
courses/migrations/0011_alter_enrollment_position_on_leaderboard.py	courses/migrations/0011_alter_enrollment_position_on_leaderboard.py	446	ac77e6ed399335d8c1b73651e77a37393960cd1715c3e5582f3b7a11bc854cfe
courses/migrations/0012_project_points_for_peer_review_and_more.py	courses/migrations/0012_project_points_for_peer_review_and_more.py	2843	0df46072fa07905fb872f8691f88ba32a3024b7bf198167c032d9e65f9296906
courses/migrations/0013_remove_homework_is_scored_homework_state_and_more.py	courses/migrations/0013_remove_homework_is_scored_homework_state_and_more.py	1090	623f18c5ec2a13a6d281f71fc22ef3f9494ea52416ed12b3ff2631ef5987c137
courses/migrations/0014_alter_projectsubmission_github_link_and_more.py	courses/migrations/0014_alter_projectsubmission_github_link_and_more.py	1486	9c080ab225d7e89b114e62a73fd4a5172f2d59c9b40a17c63c9f445b07b1e452
courses/migrations/0015_enrollment_certificate_url.py	courses/migrations/0015_enrollment_certificate_url.py	448	8278f45bd3a6538045b25805b00ad4301fe49d3970c73aca2075265f2cfbd914
courses/migrations/0016_enrollment_about_me_enrollment_github_url_and_more.py	courses/migrations/0016_enrollment_about_me_enrollment_github_url_and_more.py	3481	02a6548fa74e9502e5755ab78cecfdaea53e3a1f06526ace58b822f832af02de
courses/migrations/0017_alter_projectsubmission_learning_in_public_links_and_more.py	courses/migrations/0017_alter_projectsubmission_learning_in_public_links_and_more.py	3841	10729e3521f870c568eb33278a1c63499907bf454d6d310d45e2688068cb9e3f
courses/migrations/0018_course_finished.py	courses/migrations/0018_course_finished.py	475	4909a80e910ba76a25f8095ccb60d139fdee58b561fc697260f7f1e3862422c8
courses/migrations/0019_remove_homework_problems_comments_field_and_more.py	courses/migrations/0019_remove_homework_problems_comments_field_and_more.py	597	8d98a60b8c7bededbd9cd6bce7c459aac948b7e1c1e4b51f568371ab1f1285d4
courses/migrations/0020_remove_project_points_to_pass_and_more.py	courses/migrations/0020_remove_project_points_to_pass_and_more.py	611	44ccd7871a16ecc3c6bddc691e556a30d33242794e37c629894dae708adda3d7
courses/migrations/0021_course_min_projects_to_pass.py	courses/migrations/0021_course_min_projects_to_pass.py	481	f3fc2deb23965ca93a1157fe9cc52acde616605e3239a1acd1bc7c65bfea2671
courses/migrations/0022_projectstatistics.py	courses/migrations/0022_projectstatistics.py	3988	7bb2cb359d62177bffb4f086a2726cb0e9d553522854760b0a08b8e2862c74a5
courses/migrations/0023_course_visible.py	courses/migrations/0023_course_visible.py	508	f58515e823134da909fa85332b38e1b39c04a28d78d73ba5eb7b71c63f2adb56
courses/migrations/0024_alter_question_question_type.py	courses/migrations/0024_alter_question_question_type.py	496	cb9d85f2d9ec9e95128c4cd5299df209658ce14bcfb8557524ee90ffc9e7ee14
courses/migrations/0025_add_wrapped_statistics.py	courses/migrations/0025_add_wrapped_statistics.py	3460	43fd08af9dd94c33eacbcc3176fc7ff43d3d608e3b844f294c3cb41592f44540
courses/migrations/0026_enrollment_disable_learning_in_public_and_more.py	courses/migrations/0026_enrollment_disable_learning_in_public_and_more.py	845	e9e2a99a50d1b18c90a8d111a9ce457b4e9ba98be95d3b8475f4d3e042a2d330
courses/migrations/0027_homework_instructions_url_project_instructions_url_and_more.py	courses/migrations/0027_homework_instructions_url_project_instructions_url_and_more.py	1210	7c5eea80952b47b09868fc5c7da89131048471693f714ff4f62059ffdf329f4c
courses/migrations/0028_leaderboardcomplaint.py	courses/migrations/0028_leaderboardcomplaint.py	1773	79d8aa9c3df083bd56dd3416eb018110c84560c0e22b59144e2262410ce9dd47
courses/migrations/0029_enrollment_display_public_profile.py	courses/migrations/0029_enrollment_display_public_profile.py	359	0e2384dbc08b6ae94958626b3cf61abf3cc0dde3726192de5a2ead693e10d3d7
courses/migrations/0030_remove_enrollment_profile_fields.py	courses/migrations/0030_remove_enrollment_profile_fields.py	716	0ac98dfcf69a8ffe224e7b83a94ae02502929df116dd2adf178faab5cba25b98
courses/migrations/0031_merge_instruction_urls_and_profile_fields.py	courses/migrations/0031_merge_instruction_urls_and_profile_fields.py	273	0c0391b8a90f9e52bfacd0a6fc763feaf2e4ba81f93f8027a881c07a1bffd5b0
courses/migrations/0032_course_end_date_course_registration_url_and_more.py	courses/migrations/0032_course_end_date_course_registration_url_and_more.py	1252	6a6086d9970f303e7598b99515c69f90e706559458023e153773a49854ba4957
courses/migrations/0033_projectsubmission_faq_contribution_url_and_more.py	courses/migrations/0033_projectsubmission_faq_contribution_url_and_more.py	750	927a496dbbdc74f5a8556495cd5693720377decfe8b422b1307a87f204d6b310
courses/migrations/0034_preserve_submission_timestamps.py	courses/migrations/0034_preserve_submission_timestamps.py	623	6818ce312b4183ce94034e6f2b035992198a52859e83835e6a1aaa8d50c9b57a
courses/migrations/0035_projectvote.py	courses/migrations/0035_projectvote.py	1516	518493c8cca07033a2dbe567f29f93c19bb63d009d36cb3370ffe154854e52d3
courses/migrations/0036_projectsubmission_volunteer_review_only.py	courses/migrations/0036_projectsubmission_volunteer_review_only.py	357	40ee26b093a39473119af67abd940d7c268b83f0d7d0d319db797c5457956af8
courses/migrations/0037_registrationcampaign_courseregistration.py	courses/migrations/0037_registrationcampaign_courseregistration.py	4489	47d6739a007e11b1a822f1d776737075da5d1d5df04a34f55ef3dbb485308ac3
courses/migrations/0038_alter_courseregistration_mailchimp_sync_status.py	courses/migrations/0038_alter_courseregistration_mailchimp_sync_status.py	555	a1c8e90e383d36a3c2703c861802cc3adeddf3a4361ee9876f7e55af124eb993
courses/migrations/0039_remove_courseregistration_mailchimp_error_and_more.py	courses/migrations/0039_remove_courseregistration_mailchimp_error_and_more.py	1171	00e254879d1e0f671f0cd9aa1c375247dc0253d2d97a035890e14bd6dc71f6e4
courses/migrations/0040_courseregistration_company_name.py	courses/migrations/0040_courseregistration_company_name.py	495	b8af539105d1344ab2a6bee41254b2e8ea2d5589b6cde482fd6dd235b9403676
courses/migrations/__init__.py	courses/migrations/__init__.py	0	e3b0c44298fc1c149afbf4c8996fb92427ae41e4649b934ca495991b7852b855
courses/models/__init__.py	courses/models/__init__.py	1397	6a7facf2c6d1edab6d8090c0778767d084f3c975c7f28eb8a69e2752d4ee30f0
courses/models/course.py	courses/models/course.py	9354	68eddbacb2fcdc1fe0a846d1a2ab50da5561204c5b262e9d3753dba69f81d733
courses/models/homework.py	courses/models/homework.py	10316	a7d9cccabd54e53cc181a17ef3ee5ef0171c5597ef88a2e304d51afefb195f3f
courses/models/project.py	courses/models/project.py	11842	617fe8400d50efc67f24dd5e385510260bd02a050b393d7158ffe3bd5e5cd431
courses/models/stat_display.py	courses/models/stat_display.py	4376	c027611ec1f78a66d7f3260e88e07d2af452595b9076118c7fb509fc06d4caca
courses/models/wrapped.py	courses/models/wrapped.py	3120	3e4167f1f0eb64b5cd9d307909ec4c0d5228eea975c9c1aee9e7880568a56b22
courses/project_assignment.py	courses/project_assignment.py	5060	faf1706c466faf16843598fa45a6af231f770b6208568fcfc103a96f5bcb8080
courses/project_assignment_selection.py	courses/project_assignment_selection.py	4808	e9b551ff63c1f93c284e0084f0f465299f7f078a7a041229d8d7e94c537ddc2e
courses/project_review_scores.py	courses/project_review_scores.py	2500	a5e60a1602017616b4179217821e7a9de582f8007e1b2ea2600afff18d901da1
courses/project_score_calculation.py	courses/project_score_calculation.py	1171	411262ae0d75fb145599a9ffa7b08f09395a2a0646c66b6fedb0f8e6439132f5
courses/project_score_groups.py	courses/project_score_groups.py	2040	7ed38ed678e8444dfcbce706baf10dd6a34704fa17db15024a9ad62972a35409
courses/project_scoring.py	courses/project_scoring.py	5540	8f9142d3a9c2e2169f91aa1d3e44683aaffe95214ba3fd1676e1ea25e0811912
courses/project_submission_scoring.py	courses/project_submission_scoring.py	4470	68abb72069f44537fbf493a167ca31ac086bd12024ac0362005b06d75660b9d3
courses/random_names.py	courses/random_names.py	819	be1a82f67c523041a638f397d6882518777f41553fb9351ba57292e1cadef804
courses/random_names/adjectives.txt	courses/random_names/adjectives.txt	831	b96a2bb40ed306e580f428f0f6f28a24f0f61e47852b85f9197b42392eac50dc
courses/random_names/famous_people.txt	courses/random_names/famous_people.txt	1617	f188e462572fc6a8b25800467a337ce0fa343e62e8dc25a6c9b92a24402b3bf5
courses/registration.py	courses/registration.py	4223	90846d52875db6c4c1ed60d7d4924dcc3df2361cead2f404221059ee335bbcf9
courses/scoring.py	courses/scoring.py	5384	e978df886047f29a88c8befc85c22a6efc2e301864313ec43e7f20d5f4b2d7e3
courses/services/__init__.py	courses/services/__init__.py	44	cfd4a573dc57ba61533bf8f53fae62a37c8122501d5a4e91e40706fe0b0d1c25
courses/services/enrollment_flags.py	courses/services/enrollment_flags.py	2581	140150495d8ee472d3d23c3c3d74c10144e287f2795a854c17d3975f391fab96
courses/signals.py	courses/signals.py	2832	e7380974625c71b14ffa734164de99a44072c525cab7b6b95b5839f2c55e90c3
courses/static/alerts.js	courses/static/alerts.js	241	1628b062962c062475b9165deb428de4a7a946763ea52c76ac6c5dbccd96eebf
courses/static/country_combobox.js	courses/static/country_combobox.js	4360	4648352e0015914ed9cb63cee7e64c4a024929dd870bc32aec68b16f0f5b49b7
courses/static/courses.css	courses/static/courses.css	45826	282ed7b15df2502a8d4c2e9cd45ef1f8e92771835243d3cbc590f78db9ed5f8f
courses/static/dark_mode.js	courses/static/dark_mode.js	2322	a489156a6f04f94fd230c043f225ba2aeb13eb1f16acb853eb114e77ec09b831
courses/static/homework.js	courses/static/homework.js	4875	1f18da39c8149d25d63450d55d2f81f9557135a4a70170127b29e106b569adbe
courses/static/learning_in_public.js	courses/static/learning_in_public.js	861	371a9f3387bf01ecf6e20fc81d69a93b057805c04aa8497f3a8cb395154a47b0
courses/static/local_date.js	courses/static/local_date.js	1186	2975a7e5ac8dd9c6ce3a71efa81fb804f20d16f3c843628a3d5054c19f7d0e34
courses/static/settings_toggles.js	courses/static/settings_toggles.js	3567	3617373a8208a2fda89e6b2920ffc0aa6027e1ea7439bd873f2347490a2de722
courses/static/time_left.js	courses/static/time_left.js	1922	10d13e573906f68ce5b61909383b16edb9832a08dd0bffcae46f265b098bbcfe
courses/static/timezone_preference.js	courses/static/timezone_preference.js	2445	ea70bca180f9352713a9c9a6fb4c5653bcdb9ca77e373cd03799214fc916f550
courses/static/user_menu.js	courses/static/user_menu.js	741	5716c78bae1c8ca54fadab7dd20607a2f7bef3dea46ae71331806dc114d989e8
courses/templates/courses/_course_list_card.html	courses/templates/courses/_course_list_card.html	3797	cfe861bbe27b720bc4dab2321babe77444584577b515f6eddf047c8c757233f4
courses/templates/courses/course.html	courses/templates/courses/course.html	9746	6ea190d9619a7e229bb737d48cacd33ea4583a04fdf431e3c21269fbfd850afd
courses/templates/courses/course_list.html	courses/templates/courses/course_list.html	4861	26e391ffdd2c90b89a668c41118f4a8e43efd2b5dde015097f893aee707984ef
courses/templates/courses/dashboard.html	courses/templates/courses/dashboard.html	16079	70221a6657d6ed7fc3908fa75974e1b369aecf7a289498ac295949791b8c0ca3
courses/templates/courses/enrollment.html	courses/templates/courses/enrollment.html	6094	300f8db9d9132adbffa84572c1ec2c907fe6a667df72c9d9f4d26878f547b2b3
courses/templates/courses/leaderboard.html	courses/templates/courses/leaderboard.html	4271	d42113b80835720c26e25efa1fbe0c4c4e9306276a9417121276a2f5fd2832ef
courses/templates/courses/leaderboard_complaint.html	courses/templates/courses/leaderboard_complaint.html	2117	3bd9eab334e640ad7f48202412992f5ad9b7cc5c01b1982b057bfa34f9cc8e6c
courses/templates/courses/leaderboard_score_breakdown.html	courses/templates/courses/leaderboard_score_breakdown.html	11512	d9bb398e5533c58f9cb6f34b478d3f7d6438e668fbeb5ea2987ba2d1413d9450
courses/templates/courses/register.html	courses/templates/courses/register.html	6894	a70ef892a1f7ded5525b2072bc5538e5503148df56be6664dd1e44b37615a692
courses/templates/courses/user_wrapped.html	courses/templates/courses/user_wrapped.html	6060	ac46f0faed520fcc8b920d445d72904b521cb05df10c5be06bfe20625edc5af0
courses/templates/courses/wrapped.html	courses/templates/courses/wrapped.html	8055	62b9fc6a444846c455117a0c7d973309630f568db23b5913cdbead458b7d60dc
courses/templates/homework/homework.html	courses/templates/homework/homework.html	25975	d0c9d353726474f25ad3e6394b5440f5a13a93cd4db78bbba8676d4d2ca27be0
courses/templates/homework/stats.html	courses/templates/homework/stats.html	18761	526649af520251d877f518b68497ac6ab301553df5472c5f8fd2e37c7692e573
courses/templates/include/faq_contribution_field.html	courses/templates/include/faq_contribution_field.html	1464	e04dc624064f997b82ba7cefcecf7bef12c97ef6338216fe4a56f6a71dbefea8
courses/templates/include/learning_in_public_links.html	courses/templates/include/learning_in_public_links.html	3588	0f454cac0c56a4463d18857b1d65409c680c760aeb00fb62dde878f6d0d734ac
courses/templates/index.html	courses/templates/index.html	556	3ff14a7b7f07394164a6c874d9010d09266d776f4e2461526ebc41b32798fb64
courses/templates/projects/eval.html	courses/templates/projects/eval.html	6213	2bb1705c26311cb38e66e9c3ffdc8cb47736753593afaf92010305e0941e840d
courses/templates/projects/eval_submit.html	courses/templates/projects/eval_submit.html	8895	f45b369bb677e18df5a5a816fcc3de9a83f244714420a6cc3db21e367d8fb6da
courses/templates/projects/list.html	courses/templates/projects/list.html	15114	2b113ec86df9419dc1c0a141c65d0fb314bddc0d36f36180a96b34b147c6e7e6
courses/templates/projects/list_all.html	courses/templates/projects/list_all.html	5275	840a71711413b928c887553454527dc11c97aa9ec4270da817aeda92b5391586
courses/templates/projects/project.html	courses/templates/projects/project.html	15783	d3f28fc999726122a2768fc9b5c548ea6aa20146230fda2879435cc5c28fb2d5
courses/templates/projects/results.html	courses/templates/projects/results.html	6881	5f42bee43eb2072274b38768306ec0f5669914f471a6cfbd5fa9187ef6e4d0a1
courses/templates/projects/stats.html	courses/templates/projects/stats.html	1967	88c1f373dc8230d853a8207dc86f155d3ef3f57a9e466f6dfa47b6d1c0761f28
courses/templatetags/__init__.py	courses/templatetags/__init__.py	0	e3b0c44298fc1c149afbf4c8996fb92427ae41e4649b934ca495991b7852b855
courses/templatetags/custom_filters.py	courses/templatetags/custom_filters.py	795	4642e8cf9c66737f4652daecbf51703b827e93a3e3d6cadefe0f67750a519b93
courses/tests/__init__.py	courses/tests/__init__.py	0	e3b0c44298fc1c149afbf4c8996fb92427ae41e4649b934ca495991b7852b855
courses/tests/course_leaderboard_base.py	courses/tests/course_leaderboard_base.py	13523	a60de37dce3917ac0409931e652e29c904b7b737ff00a9e036f7ade9891b75ec
courses/tests/course_list_base.py	courses/tests/course_list_base.py	7741	4e207cbbf2527edfa0b4e38f62f4543d59e5a6a31ef95356d9999c2f7623f417
courses/tests/course_view_base.py	courses/tests/course_view_base.py	14265	5e8ebb17e513bfb9950776120e7ae2eef514757a98937ac0e28b9fc98ec76ac7
courses/tests/dashboard_homework_base.py	courses/tests/dashboard_homework_base.py	8345	74db42dbbd52f604804e68fb6b2ca17945ad5e705dc815079e38f379869a065a
courses/tests/dashboard_view_base.py	courses/tests/dashboard_view_base.py	2014	5b6bc78cef3c657e9b912646e60fa0f7128c2b21e100fce8d56597e92c408672
courses/tests/datamailer_client_cases/__init__.py	courses/tests/datamailer_client_cases/__init__.py	764	4dc41819d4bec9fb94deda50e2f4025ad73fd4f88fd86c5cbdfe6051f7a93e13
courses/tests/datamailer_client_cases/campaigns.py	courses/tests/datamailer_client_cases/campaigns.py	4034	489d0fa4d47c0d8c50e9697a0bfc16182a2ef3a995d9e1a131676ef314f9004f
courses/tests/datamailer_client_cases/contacts.py	courses/tests/datamailer_client_cases/contacts.py	3273	64cd1ebeea7d59b11e34ac1e079f3f732c2ce7e2c3fcd7dc994ac9314923cc12
courses/tests/datamailer_client_cases/recipient_lists.py	courses/tests/datamailer_client_cases/recipient_lists.py	4085	042e460b11f73dd8af240646115cc0f0cbbd41855c53a3a3f136f8936ad30d4c
courses/tests/datamailer_client_cases/transactional.py	courses/tests/datamailer_client_cases/transactional.py	2209	9f50dacd4043ce0d8b3ad5efeb1468334e70114cecd3b2f8ea1b245f5ff8a613
courses/tests/datamailer_client_cases/types.py	courses/tests/datamailer_client_cases/types.py	558	f0326be58837793ebfe311187f84b0879dff2d0135d4b30a727fdb57f9bbba1d
courses/tests/datamailer_contact_base.py	courses/tests/datamailer_contact_base.py	5188	e2267827f4eed8c7db266244ae5df1fc11da46c16bdfa0ba5ec4d864f81491ba
courses/tests/datamailer_homework_score_base.py	courses/tests/datamailer_homework_score_base.py	8425	5f18c558585d70ed7abd908ac1641308b83771f7dd2b13c03bcd80ac5c5a7d4c
courses/tests/datamailer_membership_base.py	courses/tests/datamailer_membership_base.py	7754	ae418958203db9737f2a741bb52b87349c9e1be81d58c1ad0b293a56477514fe
courses/tests/datamailer_outbox_base.py	courses/tests/datamailer_outbox_base.py	6127	4728e6c2204c7494264f740a4dc6258628d98e1f83ab0d1f08b7598602c96c88
courses/tests/datamailer_project_score_base.py	courses/tests/datamailer_project_score_base.py	9596	a8fa3f9bceef0a5eaeee259907182a2d52a1a13bad115ca66a296ed8d8527b50
courses/tests/datamailer_recipient_lists_base.py	courses/tests/datamailer_recipient_lists_base.py	9795	0322c303d2a726e8922128fcf6f7c244f923d2b3ce582ec1de440a98b8d04429
courses/tests/datamailer_settings.py	courses/tests/datamailer_settings.py	206	217fdbe80c197cac3947eae47a2dae858b2cae5043fd4c4c55ac7410ff67ad12
courses/tests/deadline_reminder_base.py	courses/tests/deadline_reminder_base.py	1891	b8ad22542488c8ae9032715e5e38800132b08f9065d61d2d28053d3956f0ba6b
courses/tests/deadline_reminder_homework.py	courses/tests/deadline_reminder_homework.py	6288	cb1b81b3f10e9f68d1b04326e69fb20cc9fc0c6e0a74176d51252f7fbd665c4e
courses/tests/deadline_reminder_peer_review.py	courses/tests/deadline_reminder_peer_review.py	5757	50266a1c9151e0ddb6c7b7b0f7c2479af53e911455ee9adde4d119039e66411b
courses/tests/deadline_reminder_project.py	courses/tests/deadline_reminder_project.py	3407	feb8b02af38df51bd0f830e1259ee0c1762abb1615a4b6962be64991a8b6f3a9
courses/tests/homework_scoring_view_base.py	courses/tests/homework_scoring_view_base.py	9560	5e3605dc80e261bf9c54e1579a30c45463b3fb0551f1ab41a3584f10a4329ee9
courses/tests/homework_scoring_view_expectations.py	courses/tests/homework_scoring_view_expectations.py	3469	da45e9cfb5ace81148683be29755781e5825557659f6ba7082b93f6f167e0304
courses/tests/homework_submission_confirmation_helpers.py	courses/tests/homework_submission_confirmation_helpers.py	6193	c218cf1f83f79d1ad4fb3f4386931acec4eaaf304f63098b617cdb8ab463c6e9
courses/tests/homework_submission_integration_base.py	courses/tests/homework_submission_integration_base.py	4140	cdb6abb18562cc5da0b16bb817f30c933951625cae916356f180d58ec71bc3f2
courses/tests/homework_submission_learning_links_helpers.py	courses/tests/homework_submission_learning_links_helpers.py	1146	2478ad7f256f439da8aa57041a0b8af5694ae332383e8a209b8a97020487532f
courses/tests/homework_submission_validation_base.py	courses/tests/homework_submission_validation_base.py	6902	5bbd1669659ffef8c339f0f37274bbaa4ffa3b35b5e92c2883e90b2cc5dcabdd
courses/tests/homework_submissions_base.py	courses/tests/homework_submissions_base.py	6296	66e3018203be230fdc1b261932c7204e0061ff566834bcc7f46879871a719416
courses/tests/homework_view_base.py	courses/tests/homework_view_base.py	14879	740e6b16b9626c4a3fdef81749b19be147feb7556f643ee6f9b8df298b1b16da
courses/tests/leaderboard_base.py	courses/tests/leaderboard_base.py	7092	ff926a12caff1e2937758bb8bfed159ba0a50ebdf0cdb0b491472d47855f98e1
courses/tests/project_assign_base.py	courses/tests/project_assign_base.py	7639	24ce2ee6d2555f85023d84339fb7ebc1d89b9b6598b342e6cc09f51c15ad12c2
courses/tests/project_eval_base.py	courses/tests/project_eval_base.py	11410	5b416efc81fc530f9d8e6b8c675827a2ef90d7550dadc55620ef55b6ee759083
courses/tests/project_list_view_base.py	courses/tests/project_list_view_base.py	3458	cdc216deffdf4a677b2906fe6ddf21328d22404e68c826bab43f568f6a455cc0
courses/tests/project_score_base.py	courses/tests/project_score_base.py	10353	5fc5c2b10ac6ee737d6f6266c5874beef47c0bb271b728ef7684fbd41ca06dc4
courses/tests/project_statistics_base.py	courses/tests/project_statistics_base.py	8780	70690b06f5b38b470c44f02615c9c0f25fb0b860be0d4d8d06613f4cea758523
courses/tests/project_submission_view_base.py	courses/tests/project_submission_view_base.py	2986	cc5605775fed83022cc14c02b9c90f6a76d927c2858f1446bab233833fa3dde3
courses/tests/project_view_base.py	courses/tests/project_view_base.py	10293	351602d06140ad957f23864d109ce4d3e7fd3bd146d86ab9b4b0034dc13d339b
courses/tests/registration_campaign_base.py	courses/tests/registration_campaign_base.py	5169	4fb145627442f5fb7c5ea8d988fc9d991b85747c3c8135aa9fd445370902079a
courses/tests/scoring_base.py	courses/tests/scoring_base.py	10907	0112be6411fc4303b7a580b208c75152ae12f738113954d905cb5667a1bb3bf6
courses/tests/test_admin_criteria_form.py	courses/tests/test_admin_criteria_form.py	5551	b00e49f2b18820adccf819d43c4cc49be58f287a544c91710a34dcd1c6c8ab5a
courses/tests/test_admin_registration_campaigns.py	courses/tests/test_admin_registration_campaigns.py	599	09baab00ba338c1646265bca5716be32b4ae3baf37e017b77c2f567b5f1af9e0
courses/tests/test_certificate_name.py	courses/tests/test_certificate_name.py	3492	aa8ca2a3e11c773115e04d30510407ce5beadc353d1ce92d52ee39cc7f7f7d5b
courses/tests/test_course.py	courses/tests/test_course.py	2461	446c708acb5d9720b6834895107d48e0e756e29a0c4b78c149db69a176898ab1
courses/tests/test_course_calendar.py	courses/tests/test_course_calendar.py	2240	cc2c3dbcfab2c1f4a47cf72ed1e7d5644e1d3c073ebbbb5083a6833278058062
courses/tests/test_course_certificates.py	courses/tests/test_course_certificates.py	1631	36a3f061838858e8bad8c7f6af85da55716a53cf56dddd60353d60aa2785fd63
courses/tests/test_course_dashboard_link.py	courses/tests/test_course_dashboard_link.py	1271	005a5ad481754be5af502a2c93af753b9e9cdc821275fc61333eb3a0a93da43c
courses/tests/test_course_duplication.py	courses/tests/test_course_duplication.py	5335	6c0a759523586a13faef73e3fa95174d639fd495aa56a9908faebe867e67c64a
courses/tests/test_course_enrollment.py	courses/tests/test_course_enrollment.py	1440	638af0ea916d1e73a23bb2d733d045ae435fe76dbb9d2750be721430dd854936
courses/tests/test_course_homework_display.py	courses/tests/test_course_homework_display.py	1314	968658b5689b35a474a0e23f69817c5094ebafbdcac1ca35631f89ca8a82d6c4
courses/tests/test_course_leaderboard.py	courses/tests/test_course_leaderboard.py	5189	32ea4be397f35b86d1bf025bb39a82d1b02d5980f77d97229b2ba8cc58881721
courses/tests/test_course_leaderboard_complaints.py	courses/tests/test_course_leaderboard_complaints.py	1446	3044154631ff6b4ac8cdce9741d080ee42842cd3e04b5ce37c4407a9b5391e47
courses/tests/test_course_leaderboard_score_breakdown.py	courses/tests/test_course_leaderboard_score_breakdown.py	2525	ec8c4b8fa709ac696305c8dc9fbb0447d81a9ba6d02bef3f2f3d8b1f785fe8fd
courses/tests/test_course_links.py	courses/tests/test_course_links.py	1475	c0ed8e945a39b636961cc4bf88bffaa97d6ff5ad98340153a0be6cf0af417c36
courses/tests/test_course_list.py	courses/tests/test_course_list.py	1232	91a5d728180635d5eeb98c206d684cc77d3d1af3ed4b5cc1c5fc206677f1b601
courses/tests/test_course_list_assignments.py	courses/tests/test_course_list_assignments.py	985	cc97bcc2d9a4aab88f5bc4ae0b2b379a11db6b5f7ac88468b06fff2782d1f340
courses/tests/test_course_list_metadata.py	courses/tests/test_course_list_metadata.py	1223	d786bb6bc8375ef9371378010a0f01fd880908840d8c17d3a45ed206a82262f3
courses/tests/test_course_list_ordering.py	courses/tests/test_course_list_ordering.py	2820	389582b3c75e17909a1f8355adfaf8ca2b4be41f6ae1027da10b19a47b7006e4
courses/tests/test_course_list_registration.py	courses/tests/test_course_list_registration.py	814	91d0468031da74688d0104b112dd096f42cd4679c225ff300dfaf919498256cb
courses/tests/test_course_project_submissions.py	courses/tests/test_course_project_submissions.py	8656	dd94f31f589b1f739cffa521a4aef59e0c1c2269490fc98334631784a05d7027
courses/tests/test_course_projects.py	courses/tests/test_course_projects.py	1870	64b0c695e1ef487fd2cb7d0021366b1a92d90d18fe1dd0aea683561ba4c555fa
courses/tests/test_dashboard.py	courses/tests/test_dashboard.py	1224	845c0df3c2e63c2d170df57812f8c0891eb7df9f6138aeeea12083c5af30f36f
courses/tests/test_dashboard_access.py	courses/tests/test_dashboard_access.py	1524	597b03e3a4ded4e1fbb8f04d86c21f1f2b495131b5201cde1a24e2438f9ede7b
courses/tests/test_dashboard_empty.py	courses/tests/test_dashboard_empty.py	838	9bf84c7127bc2c34b7fc8fd48b726cbe07856728e7f2cfba9bfa1b8ac8981647
courses/tests/test_dashboard_engagement.py	courses/tests/test_dashboard_engagement.py	2758	c0a110222d1ab8d0fae43ca694d272cdf709707b2ea5fde95a36d6e9d660efc0
courses/tests/test_dashboard_homework_difficulty.py	courses/tests/test_dashboard_homework_difficulty.py	1649	c89dd342a6167df0ba2b146e68a0336d1339d3ef26461b7141db447d44dd275c
courses/tests/test_dashboard_homework_stats.py	courses/tests/test_dashboard_homework_stats.py	3029	a7daa30751c8a2299f662a58408ed51c2208bfed11735a52cd34b9206878c45b
courses/tests/test_dashboard_integration.py	courses/tests/test_dashboard_integration.py	6986	d13e68d133a88e592a9e6ca59f46b7bc1e7cf54678aab9326aa400dce8ab7314
courses/tests/test_dashboard_project_stats.py	courses/tests/test_dashboard_project_stats.py	9587	f416f3e62817fa6554f18971d5148bbca338e321188eead8c7827d70c786402f
courses/tests/test_dashboard_question_difficulty.py	courses/tests/test_dashboard_question_difficulty.py	5432	f2e7811218da45956d6941e69ed8c893b1d2700b91525b81e141e3d237ad2c57
courses/tests/test_dashboard_submission_timing.py	courses/tests/test_dashboard_submission_timing.py	2796	6f4bb124f25f7e256ee4ee10287beb1451dd29c6bc38e085cbdb346993f23ce0
courses/tests/test_datamailer_campaign_command.py	courses/tests/test_datamailer_campaign_command.py	7351	536e1af9daf4279cc65a1f2d82c1ea0a2102148e738cce4c85ba900214fe35c1
courses/tests/test_datamailer_certificates.py	courses/tests/test_datamailer_certificates.py	7925	298785f2a1f42527ce16dc6f9a98f3311fe878f32ead8371936123e0163b4189
courses/tests/test_datamailer_client.py	courses/tests/test_datamailer_client.py	3872	70cd2c4e29d4f45ac8f585d32c7b90fff4a957a6228e4e851ab54db6783f66a1
courses/tests/test_datamailer_contact.py	courses/tests/test_datamailer_contact.py	2227	55baee6d8ca9bb3361122e0fd33986888b144c1758fc1a497151e5a3db1f3373
courses/tests/test_datamailer_contact_backfill.py	courses/tests/test_datamailer_contact_backfill.py	2688	84740f0523c9bc4ce01654b15402638a0d6f59503ee54b8284b084b804298a23
courses/tests/test_datamailer_homework_score_send.py	courses/tests/test_datamailer_homework_score_send.py	3084	ba7dce9827b74690bf23038997079345232fa36cac7c60e68ab039c63f447731
courses/tests/test_datamailer_homework_scores.py	courses/tests/test_datamailer_homework_scores.py	2413	c8e05f199b4d4a710aad72f01c6bc8b6e9bf5c90ab997c31d3f37b514f8231f5
courses/tests/test_datamailer_membership.py	courses/tests/test_datamailer_membership.py	4983	7e326096a24b64223723c5c2c94c5664e9eb809128cc36dc6b48f5479ea349c7
courses/tests/test_datamailer_membership_outcomes.py	courses/tests/test_datamailer_membership_outcomes.py	1641	782d73b1bd0ab866522b171fcf21e4ec696e3b29cc098c58fe3fd86a58479288
courses/tests/test_datamailer_membership_removals.py	courses/tests/test_datamailer_membership_removals.py	2453	44b6df9a9f0cdd794e4f5daa6e307e0d996fe0afaac4f114e8149993a1b53d19
courses/tests/test_datamailer_outbox.py	courses/tests/test_datamailer_outbox.py	1597	eb849f952d61e1b10cc97630b2c26d98a0e821ae92616a0556f13d5dcfdf1144
courses/tests/test_datamailer_outbox_contacts.py	courses/tests/test_datamailer_outbox_contacts.py	1500	8faf7d19f3a2a4db7f4ad4d4792eb6e76b184908e92643337f49895ad1d0edb1
courses/tests/test_datamailer_outbox_memberships.py	courses/tests/test_datamailer_outbox_memberships.py	2481	deed368aaabaae3925908cd5bb231c235cf2093c3ffac82304f20f850375bc38
courses/tests/test_datamailer_outbox_status_commands.py	courses/tests/test_datamailer_outbox_status_commands.py	2249	b115c4f11fdf0019bddb2b5e934d793b9f886f2d24cb267459429cd688893e20
courses/tests/test_datamailer_peer_review.py	courses/tests/test_datamailer_peer_review.py	11282	597d6a2fa0816eeaa05b3d4deb834af73e1e105fa9e5414c5ab7ee6b65de00ae
courses/tests/test_datamailer_preferences.py	courses/tests/test_datamailer_preferences.py	3238	8c3353ba1f6774cbb91964e20b5554881f6ed7489b8a995b003b0abc61698647
courses/tests/test_datamailer_project_outcomes.py	courses/tests/test_datamailer_project_outcomes.py	2961	3dc80e72a0bcc32bc3e1930a322af59f6a9997f5fb536f8de454b0c5ff202c74
courses/tests/test_datamailer_project_scores.py	courses/tests/test_datamailer_project_scores.py	2307	7f0e56acbd56fa6802debf3d6a5d56491fed028e0f8f1763084511fd579536c8
courses/tests/test_datamailer_public_url.py	courses/tests/test_datamailer_public_url.py	1451	7fba18e5e7b0ced7484557c8b14832428b6a8a5dfffe1beea5775b19842d4288
courses/tests/test_datamailer_recipient_list_audit.py	courses/tests/test_datamailer_recipient_list_audit.py	8697	24b71003ced77befef6ca94000d84897182b9d4d4fb0d9b3c0560b7bc74ae373
courses/tests/test_datamailer_recipient_list_imports.py	courses/tests/test_datamailer_recipient_list_imports.py	8214	fe2698a71b091a18c62bfbd80d9111774e50b91d0c66d47440e63493331c8591
courses/tests/test_datamailer_recipient_lists.py	courses/tests/test_datamailer_recipient_lists.py	7625	18d143b14f852c3a38408b8a49f8cb3c781ab72c46cb719c4dd2745461680715
courses/tests/test_datamailer_registration.py	courses/tests/test_datamailer_registration.py	9648	d77d893ad537eec3f012923146510c7153b504d43df4f3fe7412fa8f4d3ecf94
courses/tests/test_datamailer_send_counts.py	courses/tests/test_datamailer_send_counts.py	2283	f1bcdb7bcc3349e1b838c11c79bd0266c04617a1448f1168096df74b4325f45a
courses/tests/test_datamailer_signals.py	courses/tests/test_datamailer_signals.py	5966	b96001a1964072eaaa94a2f7774bce93d18652bbdbb6929712a05739aff5d55c
courses/tests/test_datamailer_status.py	courses/tests/test_datamailer_status.py	3178	5d1a7e7ea857656da85f384007cffe46f3d4b287be966f4f617dd8fce84134ef
courses/tests/test_datamailer_sync_status.py	courses/tests/test_datamailer_sync_status.py	2920	f7752023778c8832991d7490990ed26fe8ca1a061b7e3747e14028edcbd3b8eb
courses/tests/test_datamailer_templates.py	courses/tests/test_datamailer_templates.py	2976	c047a8744641105b6c23998912e2ce2c314f5fdab20709f0ff16717e56102b44
courses/tests/test_datamailer_transactional.py	courses/tests/test_datamailer_transactional.py	4649	885c515badaaf349fa9dfcb3ecbbe283d3a384e37ce765f2b6f847b71a46a9b5
courses/tests/test_deadline_reminder_dry_run.py	courses/tests/test_deadline_reminder_dry_run.py	1324	112188d0805fc861f1e259fe51406001cdaf8ad2635329155467866a43abb4c8
courses/tests/test_deadline_reminder_failures.py	courses/tests/test_deadline_reminder_failures.py	3916	b5c9340bdf36234d9fe0504a018d35ab534c6199f0eef2b61497fe401d74ecd5
courses/tests/test_deadline_reminder_homework.py	courses/tests/test_deadline_reminder_homework.py	1479	97de31035215003b43adfb79b5a85a2b246ac6f40ba458df522a6447d544046a
courses/tests/test_deadline_reminder_peer_review.py	courses/tests/test_deadline_reminder_peer_review.py	1187	2ab4db41e74d9f5b9151cab766f27a82f2b4307504ac48fcf859eae0d6871de8
courses/tests/test_deadline_reminder_project.py	courses/tests/test_deadline_reminder_project.py	1039	115187360aeb42aff609b2495996b242e823132981c09d21ba60e333cd0bb93b
courses/tests/test_deadlines.py	courses/tests/test_deadlines.py	5211	7fa00c120f8382d9b7bb630b9094af705f67a3d36c2a01754ebfdb3a422c99b8
courses/tests/test_disable_learning_in_public.py	courses/tests/test_disable_learning_in_public.py	6460	f36d87e4fef9247b7bcde7335f3e6a6f20832fa7fbd3f15a23e3d5a3406d2fb5
courses/tests/test_homework.py	courses/tests/test_homework.py	4126	2f0b55f105ffa664d6609533e54c28dc27bee9d1263526c5a1ec15bae5004f39
courses/tests/test_homework_correct_answers.py	courses/tests/test_homework_correct_answers.py	1779	971109f7f621b5506d39f8fc44aab419b44910ada6e9019bb7b079b746de2a4b
courses/tests/test_homework_deadline_passed_notice.py	courses/tests/test_homework_deadline_passed_notice.py	2243	0efff8f7eee2d696d4c07c49a5b14dedd7297ce543d4088d6ed144e1243c6189
courses/tests/test_homework_optional_fields.py	courses/tests/test_homework_optional_fields.py	11043	07e7a9aa60dc5c31ef05c8da27b5f2c47deba65e37d5d3c79d3118f7b1c13dfc
courses/tests/test_homework_question_stats.py	courses/tests/test_homework_question_stats.py	6145	cf45af8c229f18d023d5435a07d65c9de9830a99987cb61ae49074942bc296ba
courses/tests/test_homework_scoring_view.py	courses/tests/test_homework_scoring_view.py	2379	d73b3fa1c33b4efbbbaaf4e4ffa8959a62ec9e5bd7aa288a2597fcef45e0ea85
courses/tests/test_homework_scoring_view_warnings.py	courses/tests/test_homework_scoring_view_warnings.py	1761	6e88eb29f4d39353dc37982b40ad162f8d53b688b9bef1e3caac4a74e5cb266c
courses/tests/test_homework_submission_closed.py	courses/tests/test_homework_submission_closed.py	1637	0b5f9cdd9830aab64814b684a18f7fc211bc37abbbd1712f52385d50454a8179
courses/tests/test_homework_submission_integrations.py	courses/tests/test_homework_submission_integrations.py	2596	9f40b003711bbb485b458176f5bcb9ec1e73f88d07ed577d77df20be53435315
courses/tests/test_homework_submission_learning_links.py	courses/tests/test_homework_submission_learning_links.py	1749	b73729220d210245979f07eb1ee454f3c709cd9792ea9aa48074fe9ef1013921
courses/tests/test_homework_submission_learning_public_validation.py	courses/tests/test_homework_submission_learning_public_validation.py	1842	c9f1521c4eb9911a881aeb47ed4b5554ed4404d242c2408bc44e9afaaeb3811d
courses/tests/test_homework_submission_time_fields.py	courses/tests/test_homework_submission_time_fields.py	1170	8c2fe5721fc3b7271fc93ab6f5d69da66df09d7b58b1bcb8c4a099389f4e0530
courses/tests/test_homework_submission_validation.py	courses/tests/test_homework_submission_validation.py	3249	6eb6e068d02295ea325a8fecf1720354151275eb60a63c71201a4a4c635e7d5a
courses/tests/test_homework_submission_view.py	courses/tests/test_homework_submission_view.py	4123	4648e8f81f1071f971f6178bd08a37eb4f30619758b3c1ab958f32449c5b997b
courses/tests/test_homework_submissions.py	courses/tests/test_homework_submissions.py	1486	26238d6836266f4f24e3fdd6323f2d5928eeeffd90a91d4c43ff6175528050b7
courses/tests/test_homework_submissions_admin_link.py	courses/tests/test_homework_submissions_admin_link.py	944	ae14724e11db69e82a961069063a8f277e7a9a1d80e096d23a9334327611fc58
courses/tests/test_homework_submissions_hidden_answers.py	courses/tests/test_homework_submissions_hidden_answers.py	1741	f815faaccdbc03c2f89bb5d0d05218e9be6d5a1b0aa8e21122e561ea6bced012
courses/tests/test_homework_submissions_list.py	courses/tests/test_homework_submissions_list.py	598	a85954a3f713c076514a98f698612039e42fca5419dbbf8880e6dbaf93aeb7d5
courses/tests/test_leaderboard.py	courses/tests/test_leaderboard.py	1094	2035cecb58bc7259a30373394356e8b757e42764560e9bfa6bb86c0a9002e57b
courses/tests/test_leaderboard_current_student.py	courses/tests/test_leaderboard_current_student.py	1537	48aff53d1b45d62bb97c0f6cf027813eafcf8a6948fae807b922abbc119b71b2
courses/tests/test_leaderboard_pagination.py	courses/tests/test_leaderboard_pagination.py	461	80f3330fb50f82f397e47bea50c79d5a19c7938f7332c0aa421ff50962d058ac
courses/tests/test_leaderboard_score_breakdown_admin.py	courses/tests/test_leaderboard_score_breakdown_admin.py	1530	782dd7aed57fae40c0574c16940c7ef47b27bdc5aaeafe58c51fe705e61d4479
courses/tests/test_load_project_data_script.py	courses/tests/test_load_project_data_script.py	3424	08c77a369a8c892afab80d5493da486482c8e0a90289dfebbc890eca4790e54a
courses/tests/test_load_rds_export_script.py	courses/tests/test_load_rds_export_script.py	5403	8f2c98f9fbdb56f867be464e86d79356c6b1520d4caa15e7d2e87f28730b4e5c
courses/tests/test_noindex.py	courses/tests/test_noindex.py	6423	f88a0606ab10780e4db6f316282e782d24a095f6988224b4fd78e3ad47c4d99d
courses/tests/test_peer_review_badge.py	courses/tests/test_peer_review_badge.py	13338	c0c1307e939ba581adef0d88854f4c46464fcde5cfb157a4ae46403dbe12d383
courses/tests/test_project_assign.py	courses/tests/test_project_assign.py	2682	8ecc4682222c386320f2a2891fe1eb76f9f256d67088220c37c712bfef087b5c
courses/tests/test_project_eval.py	courses/tests/test_project_eval.py	7833	206dd443e243127e35a736b3b2f943b306b05274b1f2cc04694493d335485462
courses/tests/test_project_eval_view.py	courses/tests/test_project_eval_view.py	6140	568355c0ffbd5279dac66411e038c565a0b08e6ad658bbf645462dfb0b9684f0
courses/tests/test_project_list_pagination.py	courses/tests/test_project_list_pagination.py	1409	12f47cb797b811a6359d29b4a1cd27b1bf3de41db43d130cb116e5bdfa7fac9f
courses/tests/test_project_list_view.py	courses/tests/test_project_list_view.py	1672	168965bd3a483e63253ce43b814d4861765f8738b8ed815521f273af9299cb8c
courses/tests/test_project_optional_eval.py	courses/tests/test_project_optional_eval.py	3849	369bf5367fce7a5590c5e61c484dab52eaee59fc1f7c61723307945c9286b9a5
courses/tests/test_project_results.py	courses/tests/test_project_results.py	735	bf345b9fe068b70eecbd92197087d0ba57c7c30f94a28bd0883ba0a35055664b
courses/tests/test_project_score.py	courses/tests/test_project_score.py	3389	56718ebfad865e30bfae105446b6c99e4021699dc52052969cf16e2a2594b901
courses/tests/test_project_score_bonus.py	courses/tests/test_project_score_bonus.py	3233	2660c5a9ce6f930a69eee7202fd018378a863594fb48b2ee608c29ca86cc91ad
courses/tests/test_project_score_outcomes.py	courses/tests/test_project_score_outcomes.py	4026	ec055d8e06e45d376058a9e786843bee155a00f4f08641d78cefdc0430121a8b
courses/tests/test_project_statistics.py	courses/tests/test_project_statistics.py	1627	622abbc8d1ddc1b1e30689ffc3e9b2632bbea0b84af2d51b748712d21f7e3a2b
courses/tests/test_project_statistics_admin.py	courses/tests/test_project_statistics_admin.py	5140	9327355483ad3afea4bd3ed5388cf5b3401a8eb38e0fe419898b19301dd747a4
courses/tests/test_project_statistics_integration.py	courses/tests/test_project_statistics_integration.py	9913	88c337ec46c77cdd1f7f7ecc9c20e84896e3bfe3542057cfd2beebdb20d13258
courses/tests/test_project_statistics_model.py	courses/tests/test_project_statistics_model.py	1965	01795dad5d46f748a09ef80fcc279c1d3ffbf96d55faaa1b016fb85275a8110a
courses/tests/test_project_statistics_views.py	courses/tests/test_project_statistics_views.py	6131	08f4c4119226454acedc23700eeff00301c58ed7029292a2275914e69244fd6e
courses/tests/test_project_submission_confirmation.py	courses/tests/test_project_submission_confirmation.py	2135	c7d96c1de6935f5d28b13a9da279099ddf87d94df48406fb398408c2fa70b2d8
courses/tests/test_project_submission_invalid.py	courses/tests/test_project_submission_invalid.py	4236	80365038119ed20a014e528567d4ea37db2b18098e967c9fef8f9a590b56ed0f
courses/tests/test_project_submission_view.py	courses/tests/test_project_submission_view.py	4287	460d2332ebbf0feb96b1f25c888ba8abe67f1daa40288fad5e32297d7bd8671d
courses/tests/test_project_submissions_view.py	courses/tests/test_project_submissions_view.py	10567	bf76b8f1adcfdc5f94d50a7838ce57a9200a83b40aa78b9a2bbcf2e96a14de31
courses/tests/test_project_view.py	courses/tests/test_project_view.py	5100	7082ab85999ade21b5c3c31aed7558d694d1310227987be3ad3bf4bf7386f48e
courses/tests/test_project_voting.py	courses/tests/test_project_voting.py	7602	0dc2d653c24c5c7d3d4dca1048ea482ace675e82d7183e11299760e06e97738b
courses/tests/test_random_names.py	courses/tests/test_random_names.py	633	d88a0082aa0616de59c014e7a5dca8f579761090641afc89d1bb77d0773c8864
courses/tests/test_registration_campaign_course_page.py	courses/tests/test_registration_campaign_course_page.py	2097	f28a6b35e330c163cad9055381f11f6bb224ae6f6f9e7abaf3334613301f3af6
courses/tests/test_registration_campaign_notifications.py	courses/tests/test_registration_campaign_notifications.py	1269	bc0b4fd801b600d33334dc15d2a2a2bc51134ec9e2debea957b198bb79aa46c4
courses/tests/test_registration_campaigns.py	courses/tests/test_registration_campaigns.py	8742	a9fbd8fd159f9d141c4eaecf65b4755ecf3acc2353712d09534495170812f8a0
courses/tests/test_registration_helpers.py	courses/tests/test_registration_helpers.py	1322	fefaba5851b5d6f7ec5e30f8798e17a1d62cce7dd83c3ec5261b13110c5dc5f9
courses/tests/test_scoring.py	courses/tests/test_scoring.py	3293	b3da9e4ba7adf14d0d75b162f698490785adb3287e25feedfcc4cec015395277
courses/tests/test_scoring_leaderboard.py	courses/tests/test_scoring_leaderboard.py	447	602358d7b1bb985948b541900439d05a607b83ee41664f12bb6c1ae5a7913f97
courses/tests/test_submission_timestamps.py	courses/tests/test_submission_timestamps.py	2132	36a93edef7233cb002bd27762072aaf7601ff85be6de90850fdc18879cf70ce3
courses/tests/test_unit_criteria_validation.py	courses/tests/test_unit_criteria_validation.py	4746	9b7922c5842e000297c6f3430cf74de6555deb63d067c686aba88896f04ed7ef
courses/tests/test_unit_projects.py	courses/tests/test_unit_projects.py	3588	eabcef3a8971d709b1cf5b61738e19117c7fb549f0d9110f6f76fdecacd628d3
courses/tests/test_unit_scoring.py	courses/tests/test_unit_scoring.py	2045	a9a1b59eee1543a76f72683436e2d4964b56514a500c6f9b1ee987aa160518b3
courses/tests/test_unit_scoring_choice.py	courses/tests/test_unit_scoring_choice.py	1603	ec9d10bd5808fdd76ba6c03c45164bf25dc3a739bd83febcdcb29d64769dd4e1
courses/tests/test_unit_scoring_free_form_any.py	courses/tests/test_unit_scoring_free_form_any.py	1532	f078a395645849c13d8df7a97468762dbe9052f7be9af4ca9e2ca30c12750432
courses/tests/test_unit_scoring_free_form_long.py	courses/tests/test_unit_scoring_free_form_long.py	1887	5e1c4fede1bfa8d861f1e046d265828fde2e862bcb70e5ce56d513b4e7132645
courses/tests/test_unit_scoring_free_form_numeric.py	courses/tests/test_unit_scoring_free_form_numeric.py	1147	bfe5576a7799c277fb58ba6fa1b20d62e78261e4018bfba7d84f95057a869a54
courses/tests/test_unit_scoring_free_form_strings.py	courses/tests/test_unit_scoring_free_form_strings.py	2276	429453a5a15b3814083d26c0229c303f516f78d937ebefd1b33888dd636c52ad
courses/tests/test_unit_url_utils.py	courses/tests/test_unit_url_utils.py	1849	8fc7841396786c64ff4c64ab3c484c262f4ad3ca54b89dcaa73e5ca70d08ecb5
courses/tests/test_unit_url_validation.py	courses/tests/test_unit_url_validation.py	6027	6ce11745918589e6b30f527627946ed96e4eeecddd425d91832baf2efaa97373
courses/tests/test_wrapped_recalculation.py	courses/tests/test_wrapped_recalculation.py	588	b9e886dab6f30d91b31a671dd2a30a8ead0a60f7bd4f99e9f202c2f64bfd36ad
courses/tests/test_wrapped_statistics.py	courses/tests/test_wrapped_statistics.py	1465	13c72e2ebec542d569d059a549428f52fd04f4b14b4a9980159dd40b2237cc8c
courses/tests/test_wrapped_user_statistics.py	courses/tests/test_wrapped_user_statistics.py	1566	d1d709ee74552851862e497ca1fbf81eab8a04dc31ce0177512d2eec7d0dadff
courses/tests/test_wrapped_views.py	courses/tests/test_wrapped_views.py	5517	165a32b9316d5bf49d5084e2f0729ccdd11772be584540451a554161d364f414
courses/tests/util.py	courses/tests/util.py	172	bd2d285321561f4af399587dfd58a2dd449d983a879ad75eda8243c0cc1117f0
courses/tests/wrapped_statistics_base.py	courses/tests/wrapped_statistics_base.py	4736	2f37096df7f04d4449895f7d0f63c54a3e94467678df7264cf944d12b7505ec5
courses/urls.py	courses/urls.py	4387	48a83cd50d4890ad27f9c17eda3a5d6f0536466344342e7d6054cac25823678d
courses/validators/__init__.py	courses/validators/__init__.py	0	e3b0c44298fc1c149afbf4c8996fb92427ae41e4649b934ca495991b7852b855
courses/validators/criteria_validators.py	courses/validators/criteria_validators.py	2238	49d3420fc5cbe9901366e64790315200d06c4fb5d49c16f19e7ab6ed2a6d67be
courses/validators/custom_url_validators.py	courses/validators/custom_url_validators.py	4336	402d5ad7620950d69ea1155fe98250cb3e77d1e4d1105fad526e0df2dd5f374d
courses/validators/validating_json_field.py	courses/validators/validating_json_field.py	642	c81dc3cc1a019330f3531f7dacd074c6d49830bd65062e191e0ae5e7d848f5ce
courses/views/__init__.py	courses/views/__init__.py	0	e3b0c44298fc1c149afbf4c8996fb92427ae41e4649b934ca495991b7852b855
courses/views/calendar_ics.py	courses/views/calendar_ics.py	1430	9e425bb99ba2b85e5151d46495d5c0a54fa81e80592014954a2576906b19cf80
courses/views/course.py	courses/views/course.py	1131	aefdfcad8681282b3ecc4303b184ec9a098380cad9a3734ae1b6e067e8f98c32
courses/views/course_calendar.py	courses/views/course_calendar.py	910	2b52129a687469e0d118197ed34f4c3506052e173ef52075e00d57a6d3f41e3a
courses/views/course_calendar_events.py	courses/views/course_calendar_events.py	4864	42e69ea28e11bee9f5bd3fac0940babed8cbb77e1d3aa5b89b8e54f27772bbb4
courses/views/course_enrollment.py	courses/views/course_enrollment.py	4848	8c1d27946fe3ba47c7e4a83fede29ede700dffd9cd9bdea8cc74067f4b590cda
courses/views/course_homepage.py	courses/views/course_homepage.py	4398	bcf72ef270abb4cac6f0b84a84d0a44d0c26dc9bdb93bfd145d19dc614165691
courses/views/course_homeworks.py	courses/views/course_homeworks.py	1358	40c7d1e1c686722f8a65f13e627a0e45154efc6d09c6e73e7e2fbb6857b7b930
courses/views/course_leaderboard.py	courses/views/course_leaderboard.py	3071	528765071131e93e780b59bb6f16f0c4da59d75541bda7dd2e054b51cb87c0a4
courses/views/course_leaderboard_breakdown.py	courses/views/course_leaderboard_breakdown.py	2069	5eab51e14480b2f1c62be511e36217c2d34e785b860c9ea149ad4411d8bdbfe6
courses/views/course_leaderboard_data.py	courses/views/course_leaderboard_data.py	5851	1d7b592fc1340994c8398005519a443499dd7c921c194eaa7ae2a147422ea000
courses/views/course_list.py	courses/views/course_list.py	5128	c58487f54d21b579acefcf0582e80654dcea7ce4e1a4480685f23eb4d1d77335
courses/views/course_list_user_state.py	courses/views/course_list_user_state.py	2380	37d3fa511e4b02e69726786171a6bf3bce221d73ace7dd0365ba5ceff7b91b35
courses/views/course_page_context.py	courses/views/course_page_context.py	4268	3fe1764c94cae131aa4ff59e6f08d1d1988a271dd64dce869f995038907b6a3a
courses/views/course_project_submissions.py	courses/views/course_project_submissions.py	2627	73afceafa9f7d5946da12603091a9089788534cfaee96ba57350d410d78e45be
courses/views/course_projects.py	courses/views/course_projects.py	3667	dc65c90980607b06ec5fde3c44c3596a42d307f1a84b1915a590cc06ec5bdc33
courses/views/dashboard.py	courses/views/dashboard.py	561	47928c1c2c194ee74a9c1e497c2cfcb60d4e21a1ccfbb4c9cc70e5f619c6bbab
courses/views/dashboard_context.py	courses/views/dashboard_context.py	3167	06e6d743bac0d9c1d26e56332a09458fc8759881e3c7aad1f530a3d1f1e6053c
courses/views/dashboard_engagement.py	courses/views/dashboard_engagement.py	1092	f3bbe54cd682f8b137c83543d790d72b6b46d11f5ee44954fdce880d95d56b48
courses/views/dashboard_homeworks.py	courses/views/dashboard_homeworks.py	6422	d463fc1746bea73b2e22af648eeed7ce96f55e335c97d5abd6e50eeb9f293bb9
courses/views/dashboard_metrics.py	courses/views/dashboard_metrics.py	1217	699ec70af24fdd0a0fcf4ca741678a85738a07b8312b16912b2e6495ecc5534e
courses/views/dashboard_projects.py	courses/views/dashboard_projects.py	2786	82c3836a371213fe9c0484e13f75c3fd2d2867f2bd1f591943797b6eb63c2bdf
courses/views/dashboard_questions.py	courses/views/dashboard_questions.py	1812	f9343fed3da60e53bd05bd2bc01dce3e50c7b3088f6dcc64ec2601d3f347606f
courses/views/dashboard_timing.py	courses/views/dashboard_timing.py	1316	bb9f2802b91e37c0cd4731c7ea6c614b41c224b268dc1478418ad85d157fb029
courses/views/forms.py	courses/views/forms.py	3835	7a60860d775ae24e51fc242cd72073e5ea3d5136bf9825366f32e5a478baf8a7
courses/views/homework.py	courses/views/homework.py	2705	6298d203218dc07b6426a340b97f6e2e22af78e5d5a57d95495d4350e73daa2e
courses/views/homework_answer_formatting.py	courses/views/homework_answer_formatting.py	1888	1a6c599cd014f18259b71d6644f46bad6991ce941b29d3a0a0d9b311da3abea6
courses/views/homework_answers.py	courses/views/homework_answers.py	4945	168f66004153e580627ede2d969ded1b47d4674211ccdbb3aa87924e4fa83770
courses/views/homework_confirmation.py	courses/views/homework_confirmation.py	5953	ce5e5c47697321ef5411efdd64a27e7b7559f33c12cb3a94303e3fe1f2449456
courses/views/homework_context.py	courses/views/homework_context.py	4888	83ee1f3f7e39c5254a75abcfb42cb2dae160eace030f96faac5a93f134f35876
courses/views/homework_learning_links.py	courses/views/homework_learning_links.py	3598	ddf00c65c8ba21ff04ebfd5b3ca1ae643d8f392643f07f21dda24c414f68319d
courses/views/homework_post_context.py	courses/views/homework_post_context.py	3489	daa3126c3a7ed31e693c67012006555d7f7beb570a7eabd4835923ca62fa9322
courses/views/homework_post_fields.py	courses/views/homework_post_fields.py	2541	e5956f17b0831511f9da98a3a59d7302d089f2ff954191d087e0595790de4bd6
courses/views/homework_post_preview.py	courses/views/homework_post_preview.py	2152	016455951770df1cedfdf7626b40b8499cb414a287523b7433d2bc210c9e81b2
courses/views/homework_statistics.py	courses/views/homework_statistics.py	1830	7a7fa04fb2358a77bed8fde2c9ecb60acb8c851b2072b1ee2eff7994d5a47181
courses/views/homework_submission.py	courses/views/homework_submission.py	4926	9d817658cdf694f12ba54b677fea0f8e34d59501f2b6a5fe719eda7cfe11f92f
courses/views/homework_submission_answers.py	courses/views/homework_submission_answers.py	2130	36f83db447f95407ddc1d3ae278ebf095b36e15ac0cfc5963de62233ba549e57
courses/views/homework_submission_fields.py	courses/views/homework_submission_fields.py	3663	243e1cc9a59ae0999cb5476dccedf08a5c7e3b6acf527af88f6ba25efa9f96c4
courses/views/homework_submission_summary.py	courses/views/homework_submission_summary.py	5295	5e2815b06d5b9b8b0249a28eee2e2789641868f97e821dc55b7becc898029a0b
courses/views/homework_submissions.py	courses/views/homework_submissions.py	770	0eb9c44dbade1708eb3f41e6d7638472c3bdfec958ffcf98aaad165abf156609
courses/views/project.py	courses/views/project.py	4795	dff48bbfd59e3b672399c4bfeb57880dffd29272915f4fd63f853eceb4cfc99c
courses/views/project_confirmation.py	courses/views/project_confirmation.py	2929	838d3ecb40803d29d3b33c18866d4a924936edbfbd33432dc7f1e7394f67e84e
courses/views/project_confirmation_context.py	courses/views/project_confirmation_context.py	3119	177b8b7456659a2ebc7ada4622dd63889f2c1dd32363d66b73bff6e52c03f95b
courses/views/project_confirmation_fields.py	courses/views/project_confirmation_fields.py	3738	2e25a4d32b969de01f61c7f0c4812873a57ca0b666880ca8f5ba8f52692f7963
courses/views/project_eval.py	courses/views/project_eval.py	2756	0514a31fb28789f593d58f516a3f7953e230a555eb21717071e3825e2e276f0c
courses/views/project_eval_actions.py	courses/views/project_eval_actions.py	3881	1aaaadcf0b3d3f21c01c90b2dfcfae9e336307e5fd9571ba03195252383c6e44
courses/views/project_eval_submit.py	courses/views/project_eval_submit.py	4570	100043db2426f9088b376e72bd3fba6b63af102a35745bc1ae78162ff4b809f3
courses/views/project_eval_submit_context.py	courses/views/project_eval_submit_context.py	4673	1bb43a52bc4df43d76c30436dadc935d1369fde679355bec30288cdbe6a3b279
courses/views/project_eval_submit_save.py	courses/views/project_eval_submit_save.py	3440	c8ad1e22c91292687eaeea95e384816bb877f6908240228318612f7a2ea63d2f
courses/views/project_page_context.py	courses/views/project_page_context.py	2547	a16cf1fddf04d7636065e39969164ccf8f221cc147572a27b8470a4de774b714
courses/views/project_results.py	courses/views/project_results.py	4050	416a8eaf8f7520ce66bb7610b7891c19d8bd1e9663806566e8c7fc08bba89498
courses/views/project_statistics.py	courses/views/project_statistics.py	1277	e5613cb59952a2e209486df88c906f196b10c41407e6b737875bed2f21916f78
courses/views/project_submission_display.py	courses/views/project_submission_display.py	3421	f859dcf3db09d59c7d2723ae7ec94736bdeab1645a34e0e909435b2e797cd7d1
courses/views/project_submission_edit.py	courses/views/project_submission_edit.py	6557	c007f159afab32d0b7a016aeff15991c6235272ea4ea865c1e6580a78d366e1b
courses/views/project_submission_listing.py	courses/views/project_submission_listing.py	2543	a579ef76ca067fb89c38fe7b9c7951c95e4bfb31f428908b367b721235a70836
courses/views/project_submission_viewer.py	courses/views/project_submission_viewer.py	2879	5b6393592d27c73e02c3500a53bc374a6b4d4a529ede11129362bc00fa713e3d
courses/views/project_submission_votes.py	courses/views/project_submission_votes.py	2759	857a28852abdf89972dde44cac1cfa741a8b1ffadc3f88b1c4e3ca6b8a092d05
courses/views/project_submissions.py	courses/views/project_submissions.py	1737	b6051f2a848995b2f103aac493cda2a6712bc7d216a1e996e88e7a90bbae868f
courses/views/registration.py	courses/views/registration.py	4967	b6c4697e7e52adaa04a8087caf7acf72557b10b0a743874332267bdf267e25ad
courses/views/registration_form.py	courses/views/registration_form.py	5646	84b90307a5231a15bc69ccf2e695ab26b2d0cac2f6e9fd4516a71c759dc0b1ef
courses/views/registration_profile.py	courses/views/registration_profile.py	1155	6c6d1ccac80dbbcfdb0d10aca93aff46370b1c4a178dbceb8fbb807a95ee71c3
courses/views/submission_formatting.py	courses/views/submission_formatting.py	2251	969f41cbdb0273e2935e7e9df05e1fae5e6e5d1de3731ba87ec32fadb819338d
courses/views/url_utils.py	courses/views/url_utils.py	1600	74cb6a7b2dd82d4495cbadf36ebce6917e2fb3b49d92c7357f110d5c1b3fb0b3
courses/views/wrapped.py	courses/views/wrapped.py	1960	1e14250b0182d94324b0a1e8a74976d861458de2be24bc43ecbebd509822fe45
courses/views/wrapped_context.py	courses/views/wrapped_context.py	4161	91c049941ebbcebed3220f288efe1b0f01d86fe8bc9de668f9b9c95890168d7b
courses/votes.py	courses/votes.py	1668	e16cddb6bab426f333fe632f869ba9249eeb4bbe9a867c7744ce276eb5771723
courses/wrapped_statistics/__init__.py	courses/wrapped_statistics/__init__.py	0	e3b0c44298fc1c149afbf4c8996fb92427ae41e4649b934ca495991b7852b855
courses/wrapped_statistics/activity.py	courses/wrapped_statistics/activity.py	5404	d25b77a724d61f3d8c372f5e991e7d4c90f45579ea188d5c596526b3ca3d0990
courses/wrapped_statistics/calculator.py	courses/wrapped_statistics/calculator.py	2213	ec1b7d30fef2aeee6eb8d7bca90ce9d85f695618f2a2c73294717d04cafdca4c
courses/wrapped_statistics/metrics.py	courses/wrapped_statistics/metrics.py	7881	ed4bb6fd871e923400e875f8d7efa09645df0cfb7765266a650030572d6db2c8
courses/wrapped_statistics/persistence.py	courses/wrapped_statistics/persistence.py	3552	1e5f8858910128bff932e2a98badd7f6d0374750a8aa9f02b58a06ab16247e2a
courses/wrapped_statistics/types.py	courses/wrapped_statistics/types.py	1512	621c91c3dcfda4c5ecd878bf20bd21137ab2a72106a2dd46b85ffbaf59e11f54
data/__init__.py	data/__init__.py	0	e3b0c44298fc1c149afbf4c8996fb92427ae41e4649b934ca495991b7852b855
data/admin.py	data/admin.py	3593	d0da2541fcab98076a3e8e0de2b51e41483ae4c4e2c6f3afff066c619d85dbcb
data/apps.py	data/apps.py	140	a88edbb7920f14ea782a4400406a00a4987e57d1dca3913cb9d1748f1d5abf77
data/management/__init__.py	data/management/__init__.py	1	01ba4719c80b6fe911b091a7c05124b64eeece964e09c058ef8f9805daca546b
data/management/commands/__init__.py	data/management/commands/__init__.py	1	01ba4719c80b6fe911b091a7c05124b64eeece964e09c058ef8f9805daca546b
data/management/commands/datamailer_callback_status.py	data/management/commands/datamailer_callback_status.py	2119	dd4f61816af210edbce09160407aef6a57aad8d313692d3b9e7090d67065a467
data/management/commands/datamailer_outbox_status.py	data/management/commands/datamailer_outbox_status.py	2893	41fa0d2ceeccd51ae55fd2d34325d44a8e80ffcb8c4b7dadf87828142d6fa955
data/management/commands/datamailer_send_status.py	data/management/commands/datamailer_send_status.py	5661	8629fb0d6e0a7d9178b312e8732d51de057188ec44a4309a766e958b4a07e5d6
data/management/commands/monitoring_datamailer_health.py	data/management/commands/monitoring_datamailer_health.py	2464	58e22a53c3c72fc25c19c91c72da108f78359e1de3a0e1091c031181724131a4
data/management/commands/process_datamailer_outbox.py	data/management/commands/process_datamailer_outbox.py	796	75007870efaee42547dc51766741bf578429de1a25dbfdf633e218251681cd8d
data/migrations/0001_initial.py	data/migrations/0001_initial.py	1368	f42e8729834aa1af64f08d05d1448a370433715487a91d891fbb1576334d41ac
data/migrations/0002_datamaileroutboxevent.py	data/migrations/0002_datamaileroutboxevent.py	2759	41e4580747fcf3d51e5f5c640139cc5a7ea6c133a9453defabc9bfad2347fcb7
data/migrations/0003_datamaileroutboxdispatchrun.py	data/migrations/0003_datamaileroutboxdispatchrun.py	1454	f473feed24c92d22e0dead279f8ee5c7b9ce970cbe59552a04bb695e06f6ea03
data/migrations/0004_datamailercontactevent_duplicate_count_and_more.py	data/migrations/0004_datamailercontactevent_duplicate_count_and_more.py	607	28f773a5a508ad83040fe3369a58dfc6f3e60594fa37651bbbd00bf79cd831d5
data/migrations/0005_datamailersendaudit.py	data/migrations/0005_datamailersendaudit.py	2651	414483c9cb01254950a25157b98de2f9d91fc1ba301548dfbac6edbd34085497
data/migrations/__init__.py	data/migrations/__init__.py	0	e3b0c44298fc1c149afbf4c8996fb92427ae41e4649b934ca495991b7852b855
data/models.py	data/models.py	6818	e9126e33c40660ba477ce554698b8b89bcd8534d429177d876060fff56d35505
data/tests/__init__.py	data/tests/__init__.py	25	91ff8dff93994c72e8a91e848835d54ac03e41950d264a49d69be9b4cc4451db
data/tests/course_criteria_base.py	data/tests/course_criteria_base.py	2163	0b2686bbda0622949f46ed6a9ceb1196fde38c56bc96262b399ab97d90913248
data/tests/datamailer_webhook_base.py	data/tests/datamailer_webhook_base.py	712	e05e48203efcff56880786ab1153fa09a519dbbf78deb217ae04270861a06707
data/tests/enrollment_base.py	data/tests/enrollment_base.py	8015	8ccbb6101890d56d700c45675c6baa6403f03d49cc9e6ae4072b0f57b85496dc
data/tests/enrollment_passed_base.py	data/tests/enrollment_passed_base.py	3619	3d3f438f67a37e5c53e5d9399419446f60d401ec4f35db67994877c9162a0a81
data/tests/leaderboard_base.py	data/tests/leaderboard_base.py	2346	3625f28c55c6e5874abbd417648c7dbaa51387113bdb4e6f35cd930f6740f9ac
data/tests/test_course.py	data/tests/test_course.py	2127	d292565b3bf6aff2c973dcb19102c257566a1ef65cee2fc141f192a1bc4f60d5
data/tests/test_course_criteria_yaml_edges.py	data/tests/test_course_criteria_yaml_edges.py	1530	5288a1c542e8491afe1ef5d3a49ba44a644682e1259b066f483b934a1f0973dd
data/tests/test_datamailer_admin.py	data/tests/test_datamailer_admin.py	3871	668532719d538ba074ee77010136362684f3abc237efed4a9e1fdd394e142a18
data/tests/test_datamailer_callback_status.py	data/tests/test_datamailer_callback_status.py	1343	3b8541e048005e556483d437e953e286bbc7b0f3f4121072082cb7ce955288c5
data/tests/test_datamailer_webhook.py	data/tests/test_datamailer_webhook.py	2456	8206077f60e875506ece95c5a10298bedd282e48ca9b2c8199972b0dfca1ce37
data/tests/test_datamailer_webhook_events.py	data/tests/test_datamailer_webhook_events.py	2560	5ed64d3581b40d8d73737fd69d53d9f24bc1adb6dd94321b9483a83b11f99c4c
data/tests/test_datamailer_webhook_preferences.py	data/tests/test_datamailer_webhook_preferences.py	3541	e870f9dcc329a5c6e30583c1431d54a1613dda8b664cf70edd5865c25507c91e
data/tests/test_enrollment.py	data/tests/test_enrollment.py	2531	8c1ca4bfacd39263187409e79e6b7aa4f153b9d247724a53c3a1655005092a9a
data/tests/test_enrollment_certificate_notifications.py	data/tests/test_enrollment_certificate_notifications.py	1914	8464c08bd437d925bdbf39352549af4f812416cbe19f21c89bf9cd9b9d40d273
data/tests/test_enrollment_certificates.py	data/tests/test_enrollment_certificates.py	2594	26488346b9cbcd1a23fe1049caa531a29627e5be681fd3b69e004f00b5d2c8a3
data/tests/test_enrollment_passed.py	data/tests/test_enrollment_passed.py	3664	93c023a68a22406149296391d3b11b52fc56707458de3183289417936df653d8
data/tests/test_homework.py	data/tests/test_homework.py	6974	4f6d3247e8a9ab55783e5e3ca12ee80f1733ef186c7ca0ccac405d16063da04f
data/tests/test_leaderboard.py	data/tests/test_leaderboard.py	1417	1021d45a0bef745aa86a0695b161243a7ec4cf8c4299a6a3419eab3fb88ab98c
data/tests/test_leaderboard_cache.py	data/tests/test_leaderboard_cache.py	1333	033597ae2ad0324007adc65741464db4a4a9d47c9ece17e9bc3f2b0506ee8a37
data/tests/test_leaderboard_homework.py	data/tests/test_leaderboard_homework.py	2667	0ad9845da88fd74739c074d51c21c59bab9ec738c6ce82f98bc84ac0b31686d1
data/tests/test_leaderboard_pagination.py	data/tests/test_leaderboard_pagination.py	2394	c3ee2b139d387b06d441008b3f41e7189c8b63ed510a4b40a8ae1306d800556a
data/tests/test_leaderboard_projects.py	data/tests/test_leaderboard_projects.py	2166	8f0667d77929a8f9debed25076397c25fcf72943c8a325af4a7283c8031d1ebf
data/tests/test_method_restrictions.py	data/tests/test_method_restrictions.py	3753	f126499a2bba62489ee76b4836b589112d36cb329a55d9992a8a27d3cd7cbdce
data/tests/test_observability.py	data/tests/test_observability.py	6645	693f0b3c1927900c4474f88cf3c6689d943fe9503eeb9178d52f5a7c95c0c460
data/tests/test_project.py	data/tests/test_project.py	6110	867f52755fdba143517d1e771fb90fe4e3ff3d70d0d4df030901af652b361071
e2e/.env.example	e2e/.env.example	1469	38470136dcb3a2c2c0478762ddebc2a40634431870de33fa85c87b4c932c5ae5
e2e/.gitignore	e2e/.gitignore	179	7029619f61b1ca895a668e0b7aa0ecd4c7e039a2105b47fb7bfdf5ecd6c36f15
e2e/README.md	e2e/README.md	8679	03538681ce4ab07f3275b7e3017002554d1470caa28b675b27f439a2784e8eaa
e2e/__init__.py	e2e/__init__.py	331	94dd275a5160207bfaa02db549b9e58a6f1654b0c433552c07b3c071b255dbb8
e2e/api_client.py	e2e/api_client.py	15588	5e5296d8b35932afae2035d88d5e60c8fff3a6a6c658f235bb91f91661dbab33
e2e/browser.py	e2e/browser.py	21561	7032b8313ded70713d8e31232b4e73655635ae01cf2af6f9bcbb6ff3e24eca6b
e2e/config.py	e2e/config.py	5335	dda4e3fd621bb6b2e7d5f3da6c8bd465ed72c7341e67abc17e4e7410c232c30f
e2e/conftest.py	e2e/conftest.py	5761	c549476496da9ee0761669e081ffe73719f92699921ebf543d56d823c74f25fd
e2e/provisioning.py	e2e/provisioning.py	14093	b0e33052cfa6a04602f6650e3c63d13d3a6864352182e49c226dab4109bf1970
e2e/pytest.ini	e2e/pytest.ini	1058	3e7cff23b9d6cec73064eee65b48b5ce7426183f9ed929cf117471be41fc3bb6
e2e/tests/__init__.py	e2e/tests/__init__.py	0	e3b0c44298fc1c149afbf4c8996fb92427ae41e4649b934ca495991b7852b855
e2e/tests/test_00_availability.py	e2e/tests/test_00_availability.py	2253	fc85f5fc678aa4e0a13e3e08e1a81b4c350ec75c45ebdcf313534c37eba0c535
e2e/tests/test_01_provisioning.py	e2e/tests/test_01_provisioning.py	2455	95c603848c41e93eaa2bea9b64ee43cfde4a17b192080a7943b8a6f6f4ef6d5f
e2e/tests/test_02_enrollment.py	e2e/tests/test_02_enrollment.py	2470	44b6d1afb7d5eafe02ef62d084dd2ba2eea3c41aa888c9037a2ffef236a88da7
e2e/tests/test_03_homework.py	e2e/tests/test_03_homework.py	8617	4daf967e53c84698a19e67d6e9f7a91632c8257c752661197572f7ddeb070d98
e2e/tests/test_04_project.py	e2e/tests/test_04_project.py	6035	4bc05d131d4bc123a2c9d9d7b54cad73fa60b4dff3df21a08a4f3f99803f9053
e2e/tests/test_05_dashboards.py	e2e/tests/test_05_dashboards.py	1935	e6fce53b9348ac2ef4a83e1680a5380b043b9ad2ccbdec26e42ac21328e53c6d
e2e/tests/test_06_send_audit_client.py	e2e/tests/test_06_send_audit_client.py	7881	10f2a1fc92f067095cf2b8e556d795aff39c3bf11f05a81239b8d721c2767eb4
e2e/tests/test_07_api_client.py	e2e/tests/test_07_api_client.py	3255	4fc9f7ad90f57714975370db4570ac42346e472acbe24a9b2b52014bd2b8fb3f
e2e/tests/test_07_browser_helpers.py	e2e/tests/test_07_browser_helpers.py	742	98313364e705aeddcf4e4d3f4b02a04b29db3e452746bb3dc15788a9d66312c4
e2e/tests/test_99_teardown.py	e2e/tests/test_99_teardown.py	4301	18b9b4f7c618810bd05b69a9d102e697dd1f751bfc9e17118b531e48e9912e70
scripts/__init__.py	scripts/__init__.py	0	e3b0c44298fc1c149afbf4c8996fb92427ae41e4649b934ca495991b7852b855
scripts/add_data.py	scripts/add_data.py	14144	addc152674b43a5826f2e1588f4e48ecaa26122a047c2f97d719dcf256223952
scripts/add_more_test_data.py	scripts/add_more_test_data.py	13116	9c562da626fd14bb083ca847b93246f753b6c984cc9f9d1b69672dabac79e900
scripts/add_user.py	scripts/add_user.py	1577	58b5d77f7d8c8627d91a9be15babd18cdf5f3638547c62353f8f75d65f9d08f0
scripts/analyze_scoring_bug.py	scripts/analyze_scoring_bug.py	5709	e3c86427a49ed2b031bdd8facdf4c534a0511f89ae6e6b06c11962988d3915c0
scripts/create_superuser.py	scripts/create_superuser.py	3815	326c00a678b5f7f54217fc9c6296d2e885df938a6af725d57773b29d85c8929d
scripts/debug_score_project.py	scripts/debug_score_project.py	12398	ef4b8ad4ce81cf5fd82f0eab5faa55b9178366f242c63f07bcf294c4b169e852
scripts/generate_production_like_leaderboard_data.py	scripts/generate_production_like_leaderboard_data.py	28102	15ee3c7bda88cf22f839b991f02a53711402a8f9d508d69b3bda1ffc526afefc
scripts/load_project_data.py	scripts/load_project_data.py	24302	2675482d3d647ef3baf6cd695658da9c00a83ceedd3881212d72a9009ff8521c
scripts/load_rds_export.py	scripts/load_rds_export.py	23530	9f52bf6de305a4a0b5540549f41075c37f0bba63bd2914a0854d1da5874cc765
scripts/move_criteria.py	scripts/move_criteria.py	8895	846af2c72859406158d0109fc3b4aa89b985fabb4c7a4a9cbeb559fca10f2217
scripts/production_like_course_specs.json	scripts/production_like_course_specs.json	12111	34077cd485265ffcae96e9acdb06351ee5b6b3b6a5b370639525cc111f1019a7
scripts/pull_project_data.py	scripts/pull_project_data.py	16684	ac8d8f3fdd0b1f7fbf4a5f3ecb3392d1bef09cf0f483937673f1a3a6e33ecde0
scripts/score_project.py	scripts/score_project.py	4709	efe859f85d9df6776da41f10c1e565f3157a7246faa6e313c5668174419f3adf
scripts/score_project_dev.py	scripts/score_project_dev.py	6852	1a3b3f39a7d351366bf5b85c0694a2a756e304685634318c27f4b4db766658b0
scripts/wrapped.py	scripts/wrapped.py	390	73e6184bc42df7aa1221ec9d98130affaf54f958d341c4e052cbf7c3b4515d39
templates/account/logout.html	course_platform_templates/account/logout.html	1408	45befaf6f51b2f30732021da64685f819de0a80ec22ee117984edcb03dfbf440
templates/accounts/account_settings.html	course_platform_templates/accounts/account_settings.html	13100	caa0a7c641662734e21a759d35e16df729d443ab6a066697f9205674e02a73e6
templates/base.html	course_platform_templates/base.html	10967	f51666391e33aec905f43312215bfd82094bfb0088414594f40bcbdfc21560b8
templates/include/pagination.html	course_platform_templates/include/pagination.html	1711	a9ae87abacbe2d6701041966604522f2e3971baccaaaa5fbf505cf8ef0db271b
templates/socialaccount/authentication_error.html	course_platform_templates/socialaccount/authentication_error.html	1242	4d8860a1b86c4b402c7110342099b92c42d85271dc741aa5f41bb702cd4fe18b
templates/socialaccount/connections.html	course_platform_templates/socialaccount/connections.html	3820	63463f412d825bcb1b0da91a563aa7d7381dec91231ff1fcb0390416c24f6112
templates/socialaccount/login_cancelled.html	course_platform_templates/socialaccount/login_cancelled.html	1212	9320db78b0dae4e96f1310c4114902e66927c8482a5f5b8ffebcdcf197cce6f5
templates/socialaccount/signup.html	course_platform_templates/socialaccount/signup.html	1100	ec5280e115ee96fb905e8b4909d33b5c88087b0803ef9ec89e754f28a7aa3c64
